月,实际,ma6,ens_mean,ens_med,ens_w,cny_wd6,cny_wd3,cny_swap,mix_wd6,mix_swap,mix_ens_wd6
2025-01,52217317.8,54691860.29333333,56332935.87502524,56206642.57007575,56332935.87502524,48709938.07375,50013833.04290323,25236770.737343747,48709938.07375,25236770.737343747,48709938.07375
2025-02,41866714.43,55034876.885,49153852.645265155,53336366.53666666,49153852.645265155,50596580.36201613,50063849.52548387,72056909.90533032,50596580.36201613,72056909.90533032,50596580.36201613
2025-03,55356569.650000006,53062791.321666665,50584726.17185605,51698859.77806817,50584726.17185605,55255468.64900827,53373371.6495,55539842.52840085,53062791.321666665,53062791.321666665,50584726.17185605
2025-04,59116009.660000004,52107272.669999994,52901111.562954545,52414676.503863625,52901111.562954545,56844297.45818181,55723614.26033898,54318477.051370434,52107272.669999994,52107272.669999994,52901111.562954545
2025-05,56544923.72,53284256.593333334,53765166.60834596,53090144.90541667,53765166.60834596,48987139.12612903,47910428.7267742,50915503.64202165,53284256.593333334,53284256.593333334,53765166.60834596
2025-06,55783672.58,53918808.43333334,54069071.8109596,54782821.15121212,54069071.8109596,53034893.54098361,55166936.46129033,48760607.46786833,53918808.43333334,53918808.43333334,54069071.8109596
2025-07,55054620.260000005,53480867.97333333,54318698.86883838,54670116.21151516,54462345.3490703,61502998.169333324,64643048.14885245,49048588.11688386,53480867.97333333,53480867.97333333,54462345.3490703
2025-08,58235340.71,53953751.71666667,54623318.16574495,54618951.843901515,54646573.037951104,54823973.51854839,56694315.286451615,52644340.618614644,53953751.71666667,53953751.71666667,54646573.037951104
2025-09,61484772.31,56681856.096666664,57176503.900946975,56519866.97333333,56837259.776317716,62080128.10587301,60760837.05703125,65256207.842221566,56681856.096666664,56681856.096666664,56837259.776317716
2025-10,53305129.910000004,57703223.206666656,57291753.41643939,57980733.81666666,57399855.691112265,48687094.58062499,46954405.955820896,57644346.94727755,57703223.206666656,57703223.206666656,57399855.691112265
2025-11,58752521.67,56734743.24833334,55611472.149709605,55872121.58458334,55674792.90351843,54904590.24032259,55814594.493548386,56152700.745461844,56734743.24833334,56734743.24833334,55674792.90351843
2025-12,67044884.36,57102676.24000001,57766209.13669193,58129394.985,57605470.71435872,63041354.56896001,65434028.67983606,61860462.52740538,57102676.24000001,57102676.24000001,57605470.71435872
2026-01,86153483.11999999,58979544.870000005,59600885.07292929,59340195.09166667,59615027.7540782,58057989.48140626,61658250.07770492,45608855.77185456,58057989.48140626,45608855.77185456,58057989.48140626
2026-02,52571827.87,64162688.68000001,65741186.87530303,67406492.53166667,66418123.25867035,48885858.04190477,52987722.287499994,60620312.373163424,48885858.04190477,60620312.373163424,48885858.04190477
2026-03,63747816.0,63218769.873333335,61072408.35287879,61584541.429166675,61383186.651597224,68965930.7709091,75449071.62833333,63219374.32715365,63218769.873333335,63218769.873333335,61383186.651597224
2026-04,85359598.84,63595943.821666665,63606450.647007585,63671879.91083333,63587577.3657058,66775741.01275,72066706.21677965,68191249.09837581,63595943.821666665,63595943.821666665,63587577.3657058
2026-05,69279012.46,68938355.31,69309253.02875002,68082384.77333334,68963130.85160264,63894085.4092683,64947552.73711865,67171159.5311651,68938355.31,68938355.31,68963130.85160264
2026-06,73694545.62,70692770.44166668,68035205.31049244,69985891.45083334,68357669.13793992,73010566.19385247,73969596.34354839,66716287.19235312,70692770.44166668,70692770.44166668,68357669.13793992
2026-07,77596625.91,71801047.31833333,69893097.33612375,72747796.46916667,70390250.75504151,82571204.41608334,86092829.65836066,66560915.636305645,71801047.31833333,71801047.31833333,70390250.75504151
2026-08,69025584.92,70374904.45,71030407.53919192,71949149.55666667,71456812.89230597,72682278.36639346,73523394.66333333,71886789.24352568,70374904.45,70374904.45,71456812.89230597
