月,产品线,实际,base,corr
2025-07,,0.0,1474.4099999999999,2120.236060081084
2025-07,POE电源管理,2917463.7600000002,1753886.625,2085612.4982916696
2025-07,dTOF模组,30829.2,22354.79333333333,27086.741599862737
2025-07,充电与控制电源管理,2116427.97,2208778.651666667,2629160.0510892114
2025-07,新显示MLED驱动,1539147.0,852551.2983333333,1029968.0286514141
2025-07,无刷直流电机驱动,0.0,48811.80333333334,59086.254730186694
2025-07,有刷直流电机驱动,8137631.61,10412295.898333333,12437655.574350324
2025-07,步进电机驱动,2166735.09,1532761.14,1922461.710334078
2025-07,电机驱动,419069.2,232417.75999999998,171791.11012954495
2025-07,电源模组,0.0,15372.409999999998,18054.619031944843
2025-07,电脑&计算电源管理,217445.81,120851.90833333333,146290.16247666813
2025-07,硬件锂电保护,1013552.22,1019577.3250000001,1270498.0333924494
2025-07,磁传感,182935.49,162163.74666666667,187106.5032135163
2025-07,车规电机驱动,776069.48,871467.2800000001,1081503.5994560362
2025-07,车规电源管理,191577.27,136315.97333333333,165009.27591557265
2025-07,通用电源管理,35102850.35,33936961.12,40817061.27626687
2025-07,音频功放,242885.81,152825.83,163613.61661652234
2025-08,,0.0,1474.4099999999999,1933.2858284359668
2025-08,POE电源管理,3643105.14,2021181.7883333333,2399047.6106250565
2025-08,dTOF模组,54690.1,19336.653333333332,24568.79297529895
2025-08,充电与控制电源管理,2364950.09,2285345.29,2683025.484970293
2025-08,新显示MLED驱动,905932.9600000001,1051608.5383333333,1264528.0707990886
2025-08,无刷直流电机驱动,0.0,33409.34666666667,40217.94453119503
2025-08,有刷直流电机驱动,8738607.06,10121758.968333334,12017773.649075136
2025-08,步进电机驱动,2661148.46,1642349.16,2004652.4094600412
2025-08,电机驱动,130065.89,256181.09,226794.61287086757
2025-08,电源模组,14336.28,12452.058333333332,14686.712135464928
2025-08,电脑&计算电源管理,237863.43,148679.45166666666,178979.3137746231
2025-08,硬件锂电保护,797138.84,1073590.865,1304597.4547810734
2025-08,磁传感,198896.37,174633.46333333332,203309.1390727375
2025-08,车规电机驱动,752187.7,819922.375,1022230.9542913943
2025-08,车规电源管理,304371.48,152200.97833333333,183224.7206444668
2025-08,通用电源管理,37134679.65,33959505.37,40222814.61347563
2025-08,音频功放,297367.26,180121.91,214568.02888586913
2025-09,,0.0,1474.4099999999999,1884.3366132481142
2025-09,POE电源管理,3049535.7199999997,2507889.23,2981249.106929612
2025-09,dTOF模组,95504.35,24498.868333333332,30778.59069319533
2025-09,充电与控制电源管理,2963292.78,2353091.296666667,2790875.7413088474
2025-09,新显示MLED驱动,415350.0,1078733.3666666667,1315937.3984479168
2025-09,无刷直流电机驱动,136725.49,29814.126666666667,36414.2460451101
2025-09,有刷直流电机驱动,7286490.18,10240968.243333332,12402136.292906879
2025-09,步进电机驱动,2413407.77,1998094.5249999997,2446235.037242163
2025-09,电机驱动,403024.89,230712.80333333332,192080.1266541674
2025-09,电源模组,0.0,14841.438333333332,12356.251207601736
2025-09,电脑&计算电源管理,250348.61,163919.86166666666,200207.7149918331
2025-09,硬件锂电保护,1350991.41,1079350.2983333333,1285889.8411359796
2025-09,磁传感,290068.75,185850.295,218477.24909396062
2025-09,车规电机驱动,1639130.1,795810.8516666666,988429.5104252117
2025-09,车规电源管理,280484.66,171745.15,209768.35520097538
2025-09,通用电源管理,40582937.76,35584868.71,42241229.25663146
2025-09,音频功放,327479.84,220192.62166666667,265853.4173125892
2025-10,,0.0,1474.4099999999999,1935.2902339762804
2025-10,POE电源管理,2774441.52,2732095.2916666665,3368575.369829314
2025-10,dTOF模组,6991.15,36876.43833333333,47785.07724795684
2025-10,充电与控制电源管理,2661607.26,2473118.9616666664,3081221.0220489725
2025-10,新显示MLED驱动,608543.44,1021498.6216666666,1292227.5130269001
2025-10,无刷直流电机驱动,221387.89,52601.708333333336,66708.76563537317
2025-10,有刷直流电机驱动,7313083.39,9665537.168333333,12087885.888289152
2025-10,步进电机驱动,2351693.96,2063673.8583333332,2610906.7781690033
2025-10,电机驱动,391176.85,255456.75,213878.83713673192
2025-10,电源模组,0.0,14044.978333333333,17367.951403211064
2025-10,电脑&计算电源管理,273804.89,182602.17833333332,231257.47907181937
2025-10,硬件锂电保护,1281443.4,1087804.1633333333,1216800.185853313
2025-10,磁传感,345915.5,207405.1333333333,242966.97725637743
2025-10,车规电机驱动,1161629.47,959614.4316666666,1228573.896810809
2025-10,车规电源管理,242025.29,172461.875,218413.34091628293
2025-10,通用电源管理,33303363.77,36533012.27166667,44205095.85116392
2025-10,音频功放,368022.13,243944.96666666667,305600.3468718689
2025-11,POE电源管理,3936413.86,2904853.2916666665,3633033.6452744664
2025-11,dTOF模组,34867.22,31714.199999999997,32406.37251473916
2025-11,充电与控制电源管理,3366729.66,2485433.728333333,2992962.556713227
2025-11,新显示MLED驱动,404696.44,982401.4333333332,1255383.964971318
2025-11,无刷直流电机驱动,185070.53999999998,72428.91166666667,91701.47080029006
2025-11,有刷直流电机驱动,5942401.19,8801972.575000001,11056716.881386189
2025-11,步进电机驱动,2260437.42,2232530.2899999996,2798642.715562706
2025-11,电机驱动,230421.48,318763.67333333334,284838.20873869996
2025-11,电源模组,0.0,7699.111666666667,6879.708572436119
2025-11,电脑&计算电源管理,141467.0,202664.75833333333,259200.06394512177
2025-11,硬件锂电保护,1127795.3,1102703.3516666666,1336663.744598175
2025-11,磁传感,174956.93,236298.26499999998,283019.5869193069
2025-11,车规电机驱动,918294.05,977070.5116666666,1231067.068719436
2025-11,车规电源管理,331423.85,190344.92166666666,243484.77335596015
2025-11,通用电源管理,39292568.53,35920701.96666667,42922528.29839367
2025-11,音频功放,404978.2,267162.25833333336,331702.96994598035
2025-12,POE电源管理,3907488.56,3198109.525,3989847.16061072
2025-12,dTOF模组,123451.25,37525.40333333333,36637.20257845725
2025-12,充电与控制电源管理,3673147.64,2686426.415,3164283.359803602
2025-12,新显示MLED驱动,401521.95,872365.5216666666,1111783.143764342
2025-12,无刷直流电机驱动,251629.49,101570.46333333333,128404.03364358986
2025-12,有刷直流电机驱动,9646081.55,7790882.871666666,9695751.327386001
2025-12,步进电机驱动,1380250.99,2286552.148333333,2859730.2842050367
2025-12,电机驱动,345277.18,309738.62333333335,259704.96975282094
2025-12,电源模组,17920.35,3185.84,2671.2150778397504
2025-12,电脑&计算电源管理,269052.74,210823.61833333332,268034.9025124459
2025-12,硬件锂电保护,1678886.97,1131891.6383333332,1355271.948888588
2025-12,磁传感,217646.72,230781.38166666662,274314.5626858856
2025-12,车规电机驱动,1288949.07,1005938.0266666667,1263974.9288058872
2025-12,车规电源管理,121631.79999999999,231049.87666666662,294460.6955076151
2025-12,通用电源管理,43051889.72,36691696.82666667,43505388.08922488
2025-12,音频功放,658221.61,314138.06,385697.488080742
2026-01,,176.99,1972.795,2362.2403231084613
2026-01,POE电源管理,4866673.95,3371408.0933333333,4204443.359088122
2026-01,dTOF模组,98584.05,57722.21166666667,70418.17119398479
2026-01,充电与控制电源管理,3328807.74,2857692.5666666664,3503249.7498083226
2026-01,新显示MLED驱动,0.0,712531.965,896067.3535119073
2026-01,无刷直流电机驱动,300965.01,132468.90166666664,165737.30563293077
2026-01,有刷直流电机驱动,13313420.35,7844049.163333334,9803431.647635529
2026-01,步进电机驱动,2557290.91,2205612.2816666667,2744061.053243739
2026-01,电机驱动,574517.84,319839.24833333335,362447.5477773038
2026-01,电源模组,24690.260000000002,5376.105,6416.845748181581
2026-01,电脑&计算电源管理,432786.42,231663.74666666667,290967.7291107565
2026-01,硬件锂电保护,640322.83,1208301.3566666665,1474950.297659702
2026-01,磁传感,284095.9,235069.96,289648.39167208265
2026-01,车规电机驱动,966622.43,1089376.645,1360401.4874199822
2026-01,车规电源管理,265673.38,245252.39166666663,308424.98629968934
2026-01,通用电源管理,57660111.48,38078048.29666667,46654081.656755894
2026-01,音频功放,838743.58,383159.14166666666,470785.0279093972
2026-02,,0.0,2002.2933333333333,2572.1974779277994
2026-02,POE电源管理,3004545.39,3696276.4583333326,4644284.418723502
2026-02,dTOF模组,49646.0,69014.68666666666,87971.37559212383
2026-02,充电与控制电源管理,2108327.85,3059755.861666667,3846069.901988547
2026-02,新显示MLED驱动,0.0,456007.465,572448.8773235711
2026-02,无刷直流电机驱动,0.0,182629.73666666666,230097.0442079237
2026-02,有刷直流电机驱动,8384364.54,8706680.620000001,10895758.93204387
2026-02,步进电机驱动,996062.98,2270704.9183333335,2863247.2666341118
2026-02,电机驱动,0.0,345747.355,408529.951636551
2026-02,电源模组,13539.82,9491.148333333333,11930.352804501319
2026-02,电脑&计算电源管理,248032.01,267553.8483333333,335873.6684321992
2026-02,硬件锂电保护,658030.18,1146096.4583333333,1444117.649376652
2026-02,磁传感,180251.36,251930.02833333332,312990.526128134
2026-02,车规电机驱动,900929.14,1121135.47,1411733.7726848756
2026-02,车规电源管理,24566.340000000004,257601.74333333332,323383.8376126551
2026-02,通用电源管理,35372182.93,41837591.81833333,52381614.18807674
2026-02,音频功放,631349.33,482468.77,597930.5631531785
2026-03,,601.77,2002.2933333333333,2408.2833179305153
2026-03,POE电源管理,3662912.14,3589849.8333333335,4374754.687266648
2026-03,dTOF模组,69366.34999999999,68174.00333333334,82483.36305594759
2026-03,充电与控制电源管理,2395475.23,3016985.4883333333,3642261.672482689
2026-03,新显示MLED驱动,265555.97,305018.6383333333,372236.772743327
2026-03,无刷直流电机驱动,180875.88,182629.73666666666,221473.94758532656
2026-03,有刷直流电机驱动,10850762.58,8647640.200000001,10513280.852656016
2026-03,步进电机驱动,2419960.5,1993190.6716666669,2426693.017694785
2026-03,电机驱动,230203.94,324069.7066666666,371564.0287573487
2026-03,电源模组,17920.34,9358.405,11413.014340693182
2026-03,电脑&计算电源管理,230691.89,269248.61166666663,328583.96726200485
2026-03,硬件锂电保护,1642352.2,1122911.6816666664,1360138.7762473635
2026-03,磁传感,289878.94,248822.5266666666,300127.6469071162
2026-03,车规电机驱动,1642617.99,1145925.71,1396189.653498323
2026-03,车规电源管理,108871.7,210967.55333333334,257457.56835095386
2026-03,通用电源管理,39166348.46,41543842.365,50123360.95086284
2026-03,音频功放,573420.12,538132.4483333334,650262.4422673826
2026-04,,601.77,2102.5883333333336,2451.6114304831267
2026-04,POE电源管理,3075145.09,3692079.236666667,4474874.7847241005
2026-04,dTOF模组,73805.27,63817.66999999999,77529.67317888685
2026-04,充电与控制电源管理,3902232.5,2922349.23,3494012.305464623
2026-04,新显示MLED驱动,0.0,280052.9666666666,340547.13023368455
2026-04,无刷直流电机驱动,363034.87,189988.135,229074.28275832368
2026-04,有刷直流电机驱动,16171625.03,9241685.6,11156950.66134562
2026-04,步进电机驱动,3203245.2,1994282.7933333337,2405596.27655759
2026-04,电机驱动,230479.09999999998,295266.215,344581.0679896868
2026-04,电源模组,8761.06,12345.128333333334,14983.486744649756
2026-04,电脑&计算电源管理,330043.32,265972.4916666667,323425.1357386773
2026-04,硬件锂电保护,1086446.27,1171471.8133333332,1398891.2010930956
2026-04,磁传感,371771.62,248790.8916666667,298090.51872603875
2026-04,车规电机驱动,2371308.74,1146507.025,1387734.5685273441
2026-04,车规电源管理,236696.13999999998,182365.3933333333,221758.0913096455
2026-04,通用电源管理,53186980.53,41307744.14833333,49403073.5047423
2026-04,音频功放,747422.33,579122.495,697333.1536730657
2026-05,,1327.42,2202.8833333333337,2506.462419607839
2026-05,POE电源管理,4652545.17,3742196.4983333335,4573294.965341214
2026-05,dTOF模组,75619.45,74953.35666666667,91701.10691174313
2026-05,充电与控制电源管理,3853398.69,3129120.1033333335,3740880.321927106
2026-05,新显示MLED驱动,251571.52,178629.05999999997,218741.57850253413
2026-05,无刷直流电机驱动,412034.91,213595.965,257458.96893130091
2026-05,有刷直流电机驱动,12470777.0,10718109.206666667,12953285.27626212
2026-05,步进电机驱动,3674328.03,2136208.0,2577107.111931172
2026-05,电机驱动,230034.84,268483.25666666665,328773.22068854695
2026-05,电源模组,13141.58,13805.305,16905.391583032055
2026-05,电脑&计算电源管理,116386.81,275345.56333333335,337176.5106819844
2026-05,硬件锂电保护,1052616.95,1138972.2916666667,1348124.1509235476
2026-05,磁传感,415721.1,253100.24500000002,304693.27536238317
2026-05,车规电机驱动,2602705.7,1348120.2366666668,1634719.8571053867
2026-05,车规电源管理,238280.97,181477.20166666666,222229.29211400088
2026-05,通用电源管理,38636319.05,44621680.275,53505156.19749654
2026-05,音频功放,582203.27,642355.8616666667,779438.9947550383
2026-06,,377.87,2424.1200000000003,2741.672031029844
2026-06,POE电源管理,4905017.81,3861551.7166666673,4718805.523811764
2026-06,dTOF模组,18362.829999999998,81745.395,100029.62432542376
2026-06,充电与控制电源管理,4275025.6899999995,3210231.608333334,3868221.580195843
2026-06,新显示MLED驱动,0.0,153108.24,187503.1739944045
2026-06,无刷直流电机驱动,684645.22,251423.36,303338.1446775758
2026-06,有刷直流电机驱动,11195081.25,11806171.841666667,14295461.973002955
2026-06,步进电机驱动,3197692.24,2371856.435,2856292.1454486703
2026-06,电机驱动,229887.56,268418.8166666667,328717.6450125883
2026-06,电源模组,13539.82,15995.568333333335,17752.246186220855
2026-06,电脑&计算电源管理,291630.46,271165.5316666667,332081.3946093313
2026-06,硬件锂电保护,1337324.84,1126442.5666666667,1332636.3921982015
2026-06,磁传感,381856.13,293227.6066666667,356789.68807190825
2026-06,车规电机驱动,2646624.53,1628855.5116666667,1974764.6286309697
2026-06,车规电源管理,354867.24,165953.38833333334,203233.9150892596
2026-06,通用电源管理,43817703.02,44512305.36166667,53218921.54622682
2026-06,音频功放,344909.11,671893.3733333334,816237.515934236
2026-07,,244.25,514.3033333333333,572.5308693167385
2026-07,POE电源管理,5657696.48,4027806.591666667,4919943.527916048
2026-07,dTOF模组,32345.129999999997,64230.65833333333,78503.54847113765
2026-07,充电与控制电源管理,4905881.38,3310544.6166666667,3975965.9228665098
2026-07,新显示MLED驱动,0.0,86187.915,97443.11698800034
2026-07,无刷直流电机驱动,262721.98,323592.6483333333,384243.5047025445
2026-07,有刷直流电机驱动,10457275.32,12064338.458333334,14579393.674171463
2026-07,步进电机驱动,2922018.19,2674763.31,3257946.391880714
2026-07,电机驱动,0.0,249187.21333333335,304797.74362362624
2026-07,电源模组,8761.06,15265.480000000001,18672.241633472237
2026-07,电脑&计算电源管理,443487.54,274928.485,336283.63496231014
2026-07,硬件锂电保护,988588.27,1069515.545,1267667.003785803
2026-07,磁传感,329723.04,320595.8416666666,391109.49051773763
2026-07,车规电机驱动,1961368.34,1855134.755,2242812.511859956
2026-07,车规电源管理,297505.54,204825.96166666667,250536.49469576596
2026-07,通用电源管理,48764981.56,44639940.91166667,52741558.635836214
2026-07,音频功放,457557.83,619674.6233333333,752389.0959515106
2026-08,,0.0,525.5133333333333,577.3212618531186
2026-08,POE电源管理,4380726.64,4159643.68,5029120.307237034
2026-08,dTOF模组,34601.77,53190.83833333334,64360.35598018502
2026-08,充电与控制电源管理,4457968.5200000005,3573390.223333333,4224088.341382598
2026-08,新显示MLED驱动,0.0,86187.915,94549.95488176307
2026-08,无刷直流电机驱动,248760.58000000002,317218.81,372164.54312884476
2026-08,有刷直流电机驱动,10637711.82,11588314.286666667,13588680.353997419
2026-08,步进电机驱动,3002858.42,2735551.19,3278285.827297591
2026-08,电机驱动,0.0,153434.24,185773.54958459965
2026-08,电源模组,8761.06,12610.613333333333,13526.610181036216
2026-08,电脑&计算电源管理,253316.37,276712.005,335025.885250285
2026-08,硬件锂电保护,1088343.95,1127559.785,1315818.480861232
2026-08,磁传感,290440.97,328200.365,395453.7671913547
2026-08,车规有刷H桥栅驱,35490.0,17745.0,19033.94318086202
2026-08,车规电机驱动,2269555.54,2020925.74,2418587.43243052
2026-08,车规电源管理,416475.24,210131.32166666666,254420.66584955197
2026-08,通用电源管理,41371148.49,43157419.25833333,50823026.76238179
2026-08,音频功放,529425.55,556143.6649999999,667639.6102523129
