月,base,实际,pmi_k1,pmi_k2,pmi_k3
2025-01,54691860.29333333,52217317.8,54691860.29333333,54691860.29333333,54691860.29333333
2025-02,55034876.885,41866714.43,55034876.885,55034876.885,55034876.885
2025-03,53062791.321666665,55356569.65,53062791.321666665,53062791.321666665,53062791.321666665
2025-04,52107272.669999994,59116009.66,52107272.669999994,52107272.669999994,52107272.669999994
2025-05,53284256.593333334,56544923.72,53284256.593333334,53284256.593333334,53284256.593333334
2025-06,53918808.43333334,55783672.58,53918808.43333334,53918808.43333334,53918808.43333334
2025-07,53480867.97333333,55054620.26,53193513.59671151,53897665.680037566,61040362.871770374
2025-08,53953751.71666667,58235340.71,51652279.8902471,54276646.02817075,56022876.210264094
2025-09,56681856.096666664,61484772.31,56067912.6172521,58299673.22496221,58187392.922849245
2025-10,57703223.206666656,53305129.91,59528942.31673188,59725384.33874699,61918972.28025257
2025-11,56734743.248333335,58752521.67,54862133.73332891,57188042.29670875,58866973.516569756
2025-12,57102676.24,67044884.36,56693204.91702216,59005872.3674366,57618997.34345413
2026-01,58979544.870000005,86153483.12,61343814.68896165,62128719.44920274,63522831.21153834
2026-02,64162688.68000001,52571827.87,66119319.541763045,64553127.96990628,72746204.50426596
2026-03,63218769.873333335,63747816.0,61664203.63828496,68994442.09928219,62872112.39381223
2026-04,63595943.821666665,85359598.84,72093929.76435757,71346725.95993184,68788215.26865184
2026-05,68938355.31,69279012.46,80268725.26302972,64007042.392963536,79049278.48332307
2026-06,70692770.44166668,73694545.62,77875007.72725058,67695090.80057116,68563129.0889555
2026-07,71801047.31833334,77596625.91,81401546.85254255,72558205.53064393,71234432.28939159
2026-08,70374904.45,69025584.92,70299820.25187995,68630147.27816685,72470992.53713773
