月,实际,vol6×asp6,vol6×asp3,vol6×asp_trend,combo,ma6
2025-01,52217317.8,54771009.86777273,55093325.45749536,54869038.72270593,50013833.04290323,54691860.29333333
2025-02,41866714.43,55116291.518944256,54665578.27721353,53456457.32697315,50063849.52548387,55034876.885
2025-03,55356569.65,53215120.25973662,53292429.51490024,54105842.29380143,53062791.321666665,53062791.321666665
2025-04,59116009.66,52213857.6707776,51551565.09156715,51173941.09394737,52107272.67,52107272.669999994
2025-05,56544923.72,53445445.80757627,53366763.01464611,51781255.30038169,53284256.59333333,53284256.593333334
2025-06,55783672.58,54080448.76033057,53146849.25845752,52653916.445387505,53918808.43333334,53918808.43333334
2025-07,55054620.26,53655102.135465525,53427155.943270564,54146037.058976136,53480867.97333333,53480867.97333333
2025-08,58235340.71,54140858.526553266,53931169.11928437,52663282.63759594,53953751.71666667,53953751.71666667
2025-09,61484772.31,56746206.84325081,56721697.450812936,55656070.378873296,56681856.09666666,56681856.096666664
2025-10,53305129.91,57882722.52500696,56132446.80283807,54583965.55919336,57703223.206666656,57703223.206666656
2025-11,58752521.67,56903267.7145478,54664364.90373248,52459239.322461344,56734743.24833334,56734743.248333335
2025-12,67044884.36,57324736.475355335,54889897.15151295,51693100.464735545,57102676.24000001,57102676.24
2026-01,86153483.12,59200152.85825255,57713338.160586864,54832976.275967926,72576402.91270123,58979544.870000005
2026-02,52571827.87,64613239.34605525,62506418.6984661,59907430.9064741,52987722.2875,64162688.68000001
2026-03,63747816.0,63519253.88595771,61832294.76387979,60150849.53234107,63218769.873333335,63218769.873333335
2026-04,85359598.84,63881564.07617907,62661876.292476125,61407759.294007264,63595943.821666665,63595943.821666665
2026-05,69279012.46,68976772.87510498,69615814.60586429,70120098.5526178,68938355.31,68938355.31
2026-06,73694545.62,71068944.5204634,74457507.94402581,79666167.78450717,70692770.44166668,70692770.44166668
2026-07,77596625.91,72190135.79450619,76199708.0550186,80460559.85636957,71801047.31833333,71801047.31833334
2026-08,69025584.92,70592866.8278708,73051129.88763286,72777048.50711125,70374904.45,70374904.45
