月,top1,top5,n_cust
2024-01,0.07888553980669392,0.21109638003013384,693
2024-02,0.11531103070617772,0.30146059149254484,369
2024-03,0.07016400262618049,0.20909093700794493,674
2024-04,0.07905225218843451,0.21635069279511765,660
2024-05,0.04462996968672185,0.1719699799698442,666
2024-06,0.05367772655144434,0.1609316143063468,630
2024-07,0.04185069351634084,0.14719017715153487,654
2024-08,0.03956421305567373,0.17126103270124474,680
2024-09,0.04052906099319337,0.1543451669614498,701
2024-10,0.03528252191606359,0.1645161615158285,725
2024-11,0.04669382372201836,0.16584122252687453,731
2024-12,0.04889989231322795,0.1704026685936294,750
2025-01,0.06305857613391241,0.24673339789965235,643
2025-02,0.05811294588372599,0.2141679026423665,652
2025-03,0.07596980406462017,0.20713730100145392,769
2025-04,0.10489436238447221,0.22653481598338318,791
2025-05,0.10089412655767926,0.23220633464849602,763
2025-06,0.04545952556930055,0.1840307289785832,739
2025-07,0.037720832333282536,0.1734377226635329,765
2025-08,0.03941265324486843,0.15307449018615005,750
2025-09,0.04101742131018391,0.14989860844781908,768
2025-10,0.03522472402131324,0.14990843889681463,728
2025-11,0.04545301757428379,0.1786231613843852,725
2025-12,0.04074164070942399,0.13407810104842424,810
2026-01,0.08517121542003651,0.19441530874230775,815
2026-02,0.054795356690343675,0.19580549958153853,587
2026-03,0.0485120566326539,0.15318483757937687,765
2026-04,0.052514196773607975,0.19694232738266226,806
2026-05,0.04862314632364204,0.2105828068554429,607
2026-06,0.04683621889464877,0.19750151001745195,695
2026-07,0.06521088514684878,0.20140021407794229,709
2026-08,0.054787831271303634,0.19615470996286927,746
