月,预测,实际,APE
2025-01,76711345.48214383,52217317.8,0.469078625906439
2025-02,32322392.75521674,41866714.43,0.22796920667708723
2025-03,53974954.816997066,55356569.65,0.024958461872518368
2025-04,59725098.287809715,59116009.66,0.010303277087084065
2025-05,54888091.725749075,56544923.72,0.029301162425388508
2025-06,58845582.05011108,55783672.58,0.05488899042493053
2025-07,46687190.47463373,55054620.26,0.1519841522083049
2025-08,63113714.804953516,58235340.71,0.0837699931944558
2025-09,62719145.19393459,61484772.31,0.02007607473458638
2025-10,40970449.24222276,53305129.91,0.2313976288699234
2025-11,66583466.47358603,58752521.67,0.13328695655942607
2025-12,59760339.01785372,67044884.36,0.10865176980590556
2026-01,77832610.40872808,86153483.12,0.09658196523154021
2026-02,62521668.39518545,52571827.87,0.18926183334902277
2026-03,77932562.51005709,63747816.0,0.2225134506577777
2026-04,100736921.65959801,85359598.84,0.18014755257251866
2026-05,80134290.061792,69279012.46,0.1566892658589725
2026-06,79309290.38375255,73694545.62,0.07618942102858642
2026-07,88320213.17915593,77596625.91,0.13819656645372216
2026-08,72184576.87135758,69025584.92,0.045765522378677634
