月,实际,active×avg,combo
2025-01,52217317.8,54736817.74416073,50013833.04290323
2025-02,41866714.43,55125104.03423822,50063849.52548387
2025-03,55356569.65,53037774.857221656,53062791.321666665
2025-04,59116009.66,52097769.2829226,52107272.67
2025-05,56544923.72,53256775.60455966,53284256.59333333
2025-06,55783672.58,53888137.9773447,53918808.43333334
2025-07,55054620.26,53462399.06997238,53480867.97333333
2025-08,58235340.71,53809527.96863323,53953751.71666667
2025-09,61484772.31,56694904.9096765,56681856.09666666
2025-10,53305129.91,57708706.485177286,57703223.206666656
2025-11,58752521.67,56724348.81322703,56734743.24833334
2025-12,67044884.36,57108070.98041425,57102676.24000001
2026-01,86153483.12,58934217.40470015,72576402.91270123
2026-02,52571827.87,63890268.69055342,52987722.2875
2026-03,63747816.0,63091321.87249253,63218769.873333335
2026-04,85359598.84,63451285.35614693,63595943.821666665
2026-05,69279012.46,68661234.04920886,68938355.31
2026-06,73694545.62,70899791.73037595,70692770.44166668
2026-07,77596625.91,71805090.7051751,71801047.31833333
2026-08,69025584.92,70457237.5973788,70374904.45
