月,实际,combo_volxasp,ma6,ratio,f1,f2,f3,f4,V1,V2,V3,V4
2025-01,52217317.8,50013833.04290323,54691860.29333333,1.0440575061544786,1.0,1.0,1.0,1.0,50013833.04290323,50013833.04290323,50013833.04290323,50013833.04290323
2025-02,41866714.43,50063849.52548387,55034876.885,0.8362663843636055,1.0,1.0,1.0,1.0,50063849.52548387,50063849.52548387,50063849.52548387,50063849.52548387
2025-03,55356569.65,53215120.25973662,53062791.321666665,1.0402413708699938,1.0,1.0,1.0,1.0,53215120.25973662,53215120.25973662,53215120.25973662,53215120.25973662
2025-04,59116009.66,52213857.6707776,52107272.67,1.1321900410565777,1.0,1.0,1.0,1.0,52213857.6707776,52213857.6707776,52213857.6707776,52213857.6707776
2025-05,56544923.72,53445445.80757627,53284256.59333333,1.0579933026208261,1.0,1.0,1.0,1.0,53445445.80757627,53445445.80757627,53445445.80757627,53445445.80757627
2025-06,55783672.58,54080448.76033057,53918808.43333334,1.031494261950703,1.0,1.0,1.0,1.0,54080448.76033057,54080448.76033057,54080448.76033057,54080448.76033057
2025-07,55054620.26,53655102.135465525,53480867.97333333,1.0260835981823508,1.0237071445026975,1.042149438512236,1.0118535722513489,1.0237071445026975,54927111.395098,55916634.56379207,54291106.76528177,54927111.395098
2025-08,58235340.71,54140858.52655327,53953751.71666667,1.0756264731457592,1.024046637885505,1.0402413708699938,1.0120233189427525,1.0207114931740096,55442764.14635166,56319560.89374017,54791811.33645247,55262196.548360996
2025-09,61484772.31,56746206.84325081,56681856.09666666,1.0835045323793793,1.0304941172930369,1.042149438512236,1.0152470586465183,1.0606048413043683,58476632.33066383,59138027.59939304,57611419.58695731,60185301.70361088
2025-10,53305129.91,57882722.52500696,57703223.206666656,0.9209160796984055,1.0363841634137416,1.0440575061544786,1.0181920817068708,1.0678153682225995,59988736.960189074,60432890.92889043,58935729.74259801,61808060.66676686
2025-11,58752521.67,56903267.7145478,56734743.24833334,1.0324982031740055,1.024837355042208,1.042149438512236,1.012418677521104,1.0326030413295706,58316594.37783584,59301708.49822744,57609931.04619181,58758487.30363282
2025-12,67044884.36,57324736.475355335,57102676.24000001,1.1695628882449984,1.0255337957814623,1.0402413708699938,1.0127668978907312,1.028353858088434,58788454.589743204,59631562.45588477,58056595.53254927,58950113.91833443
2026-01,86153483.12,72576402.91270123,58979544.870000005,1.1870729281475965,1.0375362201534237,1.042149438512236,1.0187681100767119,1.0513652958041497,75300646.75037597,75635457.5447094,73938524.8315386,76304311.31671329
2026-02,52571827.87,52987722.2875,64162688.68000001,0.992151117286313,1.0490390438452832,1.0440575061544786,1.0245195219226417,1.0781968507983575,55586189.52401841,55322229.18829333,54286955.90575921,57131195.30136044
2026-03,63747816.0,63519253.88595771,63218769.873333335,1.0035983123235774,1.0449756205196425,1.042149438512236,1.0224878102598214,1.0642842914884496,66376071.744423375,66196554.771966994,64947662.815190546,67602544.11789145
2026-04,85359598.84,63881564.07617907,63595943.821666665,1.3362164823987133,1.0422171333065715,1.0402413708699938,1.0211085666532858,1.0509665881458161,66578460.58261541,66452245.787923865,65230012.329397246,67137389.44256026
2026-05,69279012.46,68976772.87510498,68938355.31,1.004381758848624,1.0605920926248302,1.042149438512236,1.0302960463124151,1.1201833219292006,73156219.88611522,71884105.12217669,71066496.3806101,77266630.57519107
2026-06,73694545.62,71068944.5204634,70692770.44166668,1.0369444223106563,1.0572856024027004,1.0402413708699938,1.0286428012013502,1.1154972478749705,75140171.81944224,73928856.27425039,73104558.16995282,79277212.02195589
2026-07,77596625.91,72190135.79450619,71801047.31833333,1.0748923666092514,1.0561555368420315,1.038592896590325,1.0280777684210158,1.0933941702192467,76244011.62474583,74976162.2400651,74217073.70962602,78932273.62504883
2026-08,69025584.92,70592866.8278708,70374904.45,0.9777982963676435,1.0571416857771483,1.0402413708699938,1.0285708428885743,1.074697409962856,74626662.24225707,73433620.56266724,72609764.53506394,75865971.14176555
