月,实际,combo_volxasp,ma6,trend12,ratio,resid,A,B,C,D1,D2,E,V2
2025-01,52217317.8,50013833.04290323,54691860.29333333,57721424.8468182,1.0440575061544786,2203484.7570967674,,,,50784592.22329473,51555351.403686225,,50013833.04290323
2025-02,41866714.43,50063849.52548387,55034876.885,59945047.817424245,0.8362663843636055,-8197135.095483869,,,,51051969.35467791,52040089.18387195,,50063849.52548387
2025-03,55356569.65,53215120.25973662,53062791.321666665,50903627.17363636,1.0402413708699938,2141449.3902633786,,,,52983970.95112659,52752821.642516576,,53215120.25973662
2025-04,59116009.66,52213857.6707776,52107272.67,52251325.587727256,1.1321900410565777,6902151.9892224,,,,52217604.462472565,52221351.25416753,,52213857.6707776
2025-05,56544923.72,53445445.80757627,53284256.59333333,55005079.59590909,1.0579933026208261,3099477.91242373,,,,53601409.186409555,53757372.565242834,,53445445.80757627
2025-06,55783672.58,54080448.76033057,53918808.43333334,55644287.160909094,1.031494261950703,1703223.8196694255,,,,54236832.60038843,54393216.44044628,,54080448.76033057
2025-07,55054620.26,53655102.135465525,53480867.97333333,55251723.69333334,1.0260835981823508,1399518.1245344728,55986234.453863665,55272113.124183625,55801306.220884144,53814764.29125231,53974426.44703909,53640074.83725103,55916634.56379207
2025-08,58235340.71,54140858.52655327,53953751.71666667,54783914.00712121,1.0756264731457592,4094482.1834467277,56305085.636020534,55729332.28756783,56306492.86761541,54205164.07461007,54269469.622666866,54129703.92709822,56319560.89374017
2025-09,61484772.31,56746206.84325081,56681856.09666666,55857343.98893938,1.0835045323793793,4738565.466749191,59351770.52774846,58886235.81979173,59016055.11698084,56657320.55781967,56568434.272388525,56721653.76232436,59138027.59939304
2025-10,53305129.91,57882722.52500696,57703223.206666656,59343988.23606061,0.9209160796984055,-4577592.615006961,60851287.93807687,60512952.50465105,60198031.42600724,58028849.09611232,58174975.667217694,58119290.71155206,60432890.92889043
2025-11,58752521.67,56903267.7145478,56734743.24833334,58206230.01333333,1.0324982031740055,1849253.9554522038,58894292.60228148,58360445.00137847,59179398.423129715,57033563.94442635,57163860.17430491,57220314.62074391,59301708.49822744
2025-12,67044884.36,57324736.475355335,57102676.24000001,58972390.56621212,1.1695628882449984,9720147.884644665,59314639.40408259,58852609.18049633,59617725.93436955,57489501.88444102,57654267.293526694,57175392.28886999,59631562.45588477
2026-01,86153483.12,72576402.91270123,58979544.870000005,63428834.15712122,1.1870729281475965,13577080.20729877,75803188.75415792,76019559.35374919,75479459.02920929,71661646.03714323,70746889.16158524,72078891.41598995,75635457.5447094
2026-02,52571827.87,52987722.2875,64162688.68000001,72552922.07484849,0.992151117286313,-415894.4175000042,55946211.111592226,56540070.27605904,55637108.401875004,54944242.26623485,56900762.2449697,56483786.055111,55322229.18829333
2026-03,63747816.0,63519253.88595771,63218769.873333335,66745056.448787875,1.0035983123235774,228562.11404228956,66728666.74442407,67130184.194531,66060024.04139602,63841834.14224073,64164414.39852375,63474064.94239498,66196554.771966994
2026-04,85359598.84,63881564.07617907,63595943.821666665,67124154.64924245,1.3362164823987133,21478034.76382093,66878679.138399586,67062270.865721166,66436826.639226235,64205823.133485414,64530082.190791756,63910669.50618213,66452245.787923865
2026-05,69279012.46,68976772.87510498,68938355.31,75210544.8978788,1.004381758848624,302239.58489501476,72903475.778723,74969581.92598803,71735843.79010919,69600150.07738236,70223527.27965975,69150591.51940821,71884105.12217669
2026-06,73694545.62,71068944.5204634,70692770.44166668,76030500.79954545,1.0369444223106563,2625601.0995365977,74865790.44006199,76499444.7991376,73911702.30128194,71565100.1483716,72061255.77627982,71044412.03220211,73928856.27425039
2026-07,77596625.91,72190135.79450619,71801047.31833333,77566559.92318182,1.0748923666092514,5406490.115493804,75972523.50516345,77351055.80366957,75077741.22628644,72727778.20737375,73265420.62024131,71990497.17849192,74976162.2400651
2026-08,69025584.92,70592866.8278708,70374904.45,79334864.29257576,0.9777982963676435,-1567281.9078707993,74384987.58257064,75669079.48606046,73416581.50098564,71467066.5743413,72341266.3208118,70171111.11835673,73433620.56266724
