月,实际,ma6,wd3,phase,ref,gap,mix_phase,mix_wd3,mix_blend,combo_phase,combo_blend
2025-01,52217317.8,54691860.29333333,50013833.04290323,,,,50013833.04290323,50013833.04290323,50013833.04290323,50013833.04290323,50013833.04290323
2025-02,41866714.43,55034876.885,50063849.52548387,,,,50063849.52548387,50063849.52548387,50063849.52548387,50063849.52548387,50063849.52548387
2025-03,55356569.650000006,53062791.321666665,53373371.6495,54349349.2,2024-03,1.0,53062791.321666665,53062791.321666665,53062791.321666665,53062791.321666665,53062791.321666665
2025-04,59116009.66,52107272.67,55723614.26033898,55299940.09,2024-04,1.0,52107272.67,52107272.67,52107272.67,52107272.67,52107272.67
2025-05,56544923.72,53284256.59333333,47910428.7267742,50173573.85,2024-05,1.0,53284256.59333333,53284256.59333333,53284256.59333333,53284256.59333333,53284256.59333333
2025-06,55783672.58,53918808.43333334,55166936.46129033,47871051.46,2024-06,1.0,53918808.43333334,53918808.43333334,53918808.43333334,53918808.43333334,53918808.43333334
2025-07,55054620.260000005,53480867.97333333,64643048.14885245,50159218.24999999,2024-07,1.0,53480867.97333333,53480867.97333333,53480867.97333333,53480867.97333333,53480867.97333333
2025-08,58235340.71,53953751.71666667,56694315.286451615,53699227.81,2024-08,1.0,53953751.71666667,53953751.71666667,53953751.71666667,53953751.71666667,53953751.71666667
2025-09,61484772.31,56681856.09666666,60760837.05703125,61089681.56,2024-09,1.0,56681856.09666666,56681856.09666666,56681856.09666666,56681856.09666666,56681856.09666666
2025-10,53305129.91,57703223.206666656,46954405.955820896,52054106.120000005,2024-10,1.0,57703223.206666656,57703223.206666656,57703223.206666656,57703223.206666656,57703223.206666656
2025-11,58752521.67,56734743.24833334,55814594.49354839,52737612.68,2024-11,1.0,56734743.24833334,56734743.24833334,56734743.24833334,56734743.24833334,56734743.24833334
2025-12,67044884.36,57102676.24000001,65434028.67983606,58411315.34,2024-12,1.0,57102676.24000001,57102676.24000001,57102676.24000001,57102676.24000001,57102676.24000001
2026-01,86153483.11999999,58979544.870000005,61658250.07770492,72576402.91270123,2024-01,2.0,72576402.91270123,61658250.07770492,67117326.49520308,72576402.91270123,67117326.49520308
2026-02,52571827.87,64162688.68000001,52987722.2875,30187700.82349174,2024-02,2.0,30187700.82349174,52987722.2875,41587711.555495866,52987722.2875,52987722.2875
2026-03,63747816.0,63218769.873333335,75449071.62833333,63219374.32715365,2025-03,1.0,63218769.873333335,63218769.873333335,63218769.873333335,63218769.873333335,63218769.873333335
2026-04,85359598.84,63595943.821666665,72066706.21677965,68191249.09837583,2025-04,1.0,63595943.821666665,63595943.821666665,63595943.821666665,63595943.821666665,63595943.821666665
2026-05,69279012.46,68938355.31,64947552.73711865,67171159.53116508,2025-05,1.0,68938355.31,68938355.31,68938355.31,68938355.31,68938355.31
2026-06,73694545.62,70692770.44166668,73969596.34354839,66716287.19235312,2025-06,1.0,70692770.44166668,70692770.44166668,70692770.44166668,70692770.44166668,70692770.44166668
2026-07,77596625.91,71801047.31833333,86092829.65836066,66560915.636305645,2025-07,1.0,71801047.31833333,71801047.31833333,71801047.31833333,71801047.31833333,71801047.31833333
2026-08,69025584.92,70374904.45,73523394.66333333,71886789.24352567,2025-08,1.0,70374904.45,70374904.45,70374904.45,70374904.45,70374904.45
