月,实际,direct_ma6,bu_all,bu_top50,final_direct,final_bu,final_bu50
2025-01,52217317.79999999,54691860.293333344,54691860.29333334,54691860.29333333,50013833.04290324,50013833.04290324,50013833.04290324
2025-02,41866714.43,55034876.88500002,55034876.88499999,55034876.88499999,50063849.52548389,50063849.52548389,50063849.52548389
2025-03,55356569.65,53062791.32166668,53062791.321666665,53062791.32166667,53062791.32166668,53062791.321666665,53062791.32166667
2025-04,59116009.65999994,52107272.67000001,52107272.669999994,52107272.67,52107272.67000001,52107272.669999994,52107272.67
2025-05,56544923.720000036,53284256.593333334,53284256.593333334,53284256.59333334,53284256.593333334,53284256.593333334,53284256.59333334
2025-06,55783672.579999946,53918808.43333333,53918808.43333334,53918808.43333334,53918808.43333333,53918808.43333334,53918808.43333334
2025-07,55054620.26000001,53480867.97333332,53480867.97333333,53480867.97333335,53480867.97333332,53480867.97333333,53480867.97333335
2025-08,58235340.710000046,53953751.71666665,53953751.71666667,53953751.716666676,53953751.71666665,53953751.71666667,53953751.716666676
2025-09,61484772.31000012,56681856.096666664,56681856.09666667,56681856.09666668,56681856.096666664,56681856.09666667,56681856.09666668
2025-10,53305129.910000056,57703223.206666686,57703223.20666667,57703223.20666668,57703223.206666686,57703223.20666667,57703223.20666668
2025-11,58752521.67000003,56734743.24833337,56734743.248333335,56734743.248333335,56734743.24833337,56734743.248333335,56734743.248333335
2025-12,67044884.360000096,57102676.24000004,57102676.239999995,57102676.24,57102676.24000004,57102676.239999995,57102676.24
2026-01,86153483.11999999,58979544.87000006,58979544.87,58979544.86999999,72576402.91270131,72576402.91270131,72576402.91270131
2026-02,52571827.87000004,64162688.68000006,64162688.67999999,64162688.67999999,52987722.287500024,52987722.287500024,52987722.287500024
2026-03,63747815.99999997,63218769.873333395,63218769.873333335,63218769.873333335,63218769.873333395,63218769.873333335,63218769.873333335
2026-04,85359598.83999996,63595943.821666695,63595943.821666665,63595943.82166667,63595943.821666695,63595943.821666665,63595943.82166667
2026-05,69279012.46000001,68938355.31000002,68938355.31,68938355.31,68938355.31000002,68938355.31,68938355.31
2026-06,73694545.62000015,70692770.44166668,70692770.44166668,70692770.44166666,70692770.44166668,70692770.44166668,70692770.44166666
2026-07,77596625.9099999,71801047.31833334,71801047.31833333,71801047.31833331,71801047.31833334,71801047.31833333,71801047.31833331
2026-08,69025584.9199999,70374904.45,70374904.45,70374904.44999999,70374904.45,70374904.45,70374904.44999999
