月,实际,direct_ma6,bu_sel_all,bu_sel_big,final_direct,final_bu_sel,final_bu_big
2025-01,52217317.79999999,54691860.29333334,54691860.29333334,54691860.29333334,50013833.04290324,50013833.04290324,50013833.04290324
2025-02,41866714.43,55034876.88499999,55034876.88499999,55034876.88499999,50063849.52548389,50063849.52548389,50063849.52548389
2025-03,55356569.65,53062791.321666665,53062791.321666665,53062791.321666665,53062791.321666665,53062791.321666665,53062791.321666665
2025-04,59116009.65999994,52107272.669999994,52107272.669999994,52107272.669999994,52107272.669999994,52107272.669999994,52107272.669999994
2025-05,56544923.720000036,53284256.593333334,53284256.593333334,53284256.593333334,53284256.593333334,53284256.593333334,53284256.593333334
2025-06,55783672.579999946,53918808.43333334,53918808.43333334,53918808.43333334,53918808.43333334,53918808.43333334,53918808.43333334
2025-07,55054620.26000001,53480867.97333333,54832010.72537879,54832010.72537879,53480867.97333333,54832010.72537879,54832010.72537879
2025-08,58235340.710000046,53953751.71666667,56232491.35878788,56232491.35878788,53953751.71666667,56232491.35878788,56232491.35878788
2025-09,61484772.31000012,56681856.09666667,57488014.424696974,57488014.424696974,56681856.09666667,57488014.424696974,57488014.424696974
2025-10,53305129.910000056,57703223.20666667,56677372.91992424,56677372.91992424,57703223.20666667,56677372.91992424,56677372.91992424
2025-11,58752521.67000003,56734743.248333335,57040398.41515151,57040398.41515151,56734743.248333335,57040398.41515151,57040398.41515151
2025-12,67044884.360000096,57102676.239999995,58829843.53962121,58829843.53962121,57102676.239999995,58829843.53962121,58829843.53962121
2026-01,86153483.11999999,58979544.87,60061374.570681825,60061374.570681825,72576402.91270131,72576402.91270131,72576402.91270131
2026-02,52571827.87000004,64162688.67999999,72785011.705,72785011.705,52987722.287500024,52987722.287500024,52987722.287500024
2026-03,63747815.99999997,63218769.873333335,62452752.25742424,62452752.25742424,63218769.873333335,62452752.25742424,62452752.25742424
2026-04,85359598.83999996,63595943.821666665,61627109.00863636,61627109.00863636,63595943.821666665,61627109.00863636,61627109.00863636
2026-05,69279012.46000001,68938355.31,70102900.77704546,70102900.77704546,68938355.31,70102900.77704546,70102900.77704546
2026-06,73694545.62000015,70692770.44166668,69349028.89636363,69349028.89636363,70692770.44166668,69349028.89636363,69349028.89636363
2026-07,77596625.9099999,71801047.31833333,72222953.24068183,72222953.24068183,71801047.31833333,72222953.24068183,72222953.24068183
2026-08,69025584.9199999,70374904.45,70420616.42954546,70420616.42954546,70374904.45,70420616.42954546,70420616.42954546
