产品线,月,实际,ma6,croston,sba,tsb
dTOF模组,2025-01,48938.04,30813.868333333332,19959.54627455332,18961.56896082565,20035.252246843105
dTOF模组,2025-02,23716.81,22431.861666666668,22419.93152277067,21298.934946632133,22560.965050361843
dTOF模组,2025-03,21238.93,26384.663333333334,22531.729195058582,21405.142735305653,22711.797181541144
dTOF模组,2025-04,37964.58,26620.649999999998,22418.724298500518,21297.78808357549,22622.288336758524
dTOF模组,2025-05,0.0,30101.47333333334,23794.92841107103,22605.181990517478,24025.762230319197
dTOF模组,2025-06,2270.4,29336.275000000005,23794.92841107103,22605.181990517478,21623.186007287277
dTOF模组,2025-07,30829.2,22354.79333333333,20070.010771697194,19066.510233112334,20120.99157810646
dTOF模组,2025-08,54690.1,19336.653333333332,20970.36815144328,19921.849743871113,21090.271104282747
dTOF模组,2025-09,95504.35,24498.868333333332,23838.931777817663,22646.985188926777,24027.868522480658
dTOF模组,2025-10,6991.15,36876.43833333333,30027.96168262695,28526.5635984956,30309.758209086423
dTOF模组,2025-11,34867.22,31714.199999999997,28010.98984305203,26610.440350899426,28298.654751231414
dTOF模组,2025-12,123451.25,37525.40333333333,28618.847466594278,27187.905093264562,28925.639653418788
dTOF模组,2026-01,98584.05,57722.21166666667,37122.926316150355,35266.780000342835,37525.504631378106
dTOF模组,2026-02,49646.0,69014.68666666666,42691.94274753723,40557.345610160366,43149.9933243346
dTOF模组,2026-03,69366.34999999999,68174.00333333334,43328.02515760368,41161.6238997235,43780.42709028503
dTOF模组,2026-04,73805.27,63817.66999999999,45730.22378781966,43443.712598428676,46189.03848171663
dTOF模组,2026-05,75619.45,74953.35666666667,48340.53629202157,45923.50947742049,48801.93852532157
dTOF模组,2026-06,18362.829999999998,81745.395,50894.76766542317,48350.029282152005,51353.20482486742
dTOF模组,2026-07,32345.129999999997,64230.65833333333,47829.159178234266,45437.70121932255,48233.06345497294
dTOF模组,2026-08,34601.77,53190.83833333334,46361.57773779957,44043.498850909586,46726.62798148374
新显示MLED驱动,2025-01,344803.56,308581.5966666666,400619.85849201074,380588.8655674102,403510.9996775626
新显示MLED驱动,2025-02,743183.99,366048.85666666663,395745.67896247323,375958.39501434955,399078.03419193684
新显示MLED驱动,2025-03,758758.47,463683.68500000006,426475.3486906454,405151.58125611313,430372.48509240313
新显示MLED驱动,2025-04,843126.57,555653.2966666667,456208.11670982506,433397.7108743338,460536.3881923802
新显示MLED驱动,2025-05,1064911.91,553190.1866666666,491197.7495666122,466637.86208828154,495894.5842592852
新显示MLED驱动,2025-06,1360523.29,706691.0583333332,543580.8317539894,516401.79016628995,548709.3231906308
新显示MLED驱动,2025-07,1539147.0,852551.2983333333,618826.164272457,587884.8560588341,624496.1837151949
新显示MLED驱动,2025-08,905932.9600000001,1051608.5383333333,704267.7421114637,669054.3550058905,710458.317593224
新显示MLED驱动,2025-09,415350.0,1078733.3666666667,723125.159717116,686968.9017312602,729164.3821503032
新显示MLED驱动,2025-10,608543.44,1021498.6216666666,694157.515016402,659449.6392655818,699622.7501861628
新显示MLED驱动,2025-11,404696.44,982401.4333333332,686051.8958494351,651749.3010569634,691111.4402585111
新显示MLED驱动,2025-12,401521.95,872365.5216666666,659271.6462163337,626308.063905517,663801.8136126363
新显示MLED驱动,2026-01,0.0,712531.965,634619.5131245027,602888.5374682776,638664.5384840562
新显示MLED驱动,2026-02,0.0,456007.465,634619.5131245027,602888.5374682776,574798.0846356506
新显示MLED驱动,2026-03,265555.97,305018.6383333333,634619.5131245027,602888.5374682776,517318.27617208555
新显示MLED驱动,2026-04,0.0,280052.9666666666,502604.00515680097,477473.8048989609,500034.29392099776
新显示MLED驱动,2026-05,251571.52,178629.05999999997,502604.00515680097,477473.8048989609,450030.864528898
新显示MLED驱动,2026-06,0.0,153108.24,445375.6395459402,423106.8575686432,439512.42320476385
新显示MLED驱动,2026-07,0.0,86187.915,445375.6395459402,423106.8575686432,395561.18088428746
新显示MLED驱动,2026-08,0.0,86187.915,445375.6395459402,423106.8575686432,356005.0627958588
电源模组,2025-01,17522.11,796.46,682.6800000000001,648.546,31.353444360000008
电源模组,2025-02,0.0,3716.811666666667,890.1610294117647,845.6529779411765,347.09253727060013
电源模组,2025-03,4778.76,2920.351666666667,890.1610294117647,845.6529779411765,312.3832835435401
电源模组,2025-04,38075.2,3716.811666666667,937.6046677215189,890.7244343354429,558.7896226087075
电源模组,2025-05,27079.63,10062.678333333333,1579.2355476848652,1500.273770300622,1837.2929448549735
电源模组,2025-06,4778.76,14575.949999999999,2059.541327318617,1956.5642609526858,3045.12112798792
电源模组,2025-07,0.0,15372.409999999998,2115.282667969039,2009.5185345705868,3405.9138898523383
电源模组,2025-08,14336.28,12452.058333333332,2115.282667969039,2009.5185345705868,3065.3225008671043
电源模组,2025-09,0.0,14841.438333333332,2335.4290645343863,2218.6576113076667,3834.821972352893
电源模组,2025-10,0.0,14044.978333333333,2335.4290645343863,2218.6576113076667,3451.339775117604
电源模组,2025-11,0.0,7699.111666666667,2335.4290645343863,2218.6576113076667,3106.2057976058436
电源模组,2025-12,17920.35,3185.84,2335.4290645343863,2218.6576113076667,2795.585217845259
电源模组,2026-01,24690.260000000002,5376.105,2524.744085685488,2398.5068814012134,3737.3133777003013
电源模组,2026-02,13539.82,9491.148333333333,3055.2396376134852,2902.477655732811,5003.681108336877
电源模组,2026-03,17920.34,9358.405,3326.829966659162,3160.488468326204,5729.325594781975
电源模组,2026-04,8761.06,12345.128333333334,3735.109067273663,3548.3536139099797,6652.619829982567
电源模组,2026-05,13141.58,13805.305,3886.632057945948,3692.3004550486503,6985.455548142703
电源模组,2026-06,13539.82,15995.568333333335,4186.605050114077,3977.274797608373,7544.238160081938
电源模组,2026-07,8761.06,15265.480000000001,4511.738127260213,4286.151220897203,8085.029393927165
电源模组,2026-08,8761.06,12610.613333333333,4669.760648546714,4436.272616119378,8242.563451670629
车规有刷H桥栅驱,2025-01,0.0,0.0,0.0,0.0,0.0
车规有刷H桥栅驱,2025-02,0.0,0.0,0.0,0.0,0.0
车规有刷H桥栅驱,2025-03,0.0,0.0,0.0,0.0,0.0
车规有刷H桥栅驱,2025-04,0.0,0.0,0.0,0.0,0.0
车规有刷H桥栅驱,2025-05,0.0,0.0,0.0,0.0,0.0
车规有刷H桥栅驱,2025-06,0.0,0.0,0.0,0.0,0.0
车规有刷H桥栅驱,2025-07,0.0,0.0,0.0,0.0,0.0
车规有刷H桥栅驱,2025-08,0.0,0.0,0.0,0.0,0.0
车规有刷H桥栅驱,2025-09,0.0,0.0,0.0,0.0,0.0
车规有刷H桥栅驱,2025-10,0.0,0.0,0.0,0.0,0.0
车规有刷H桥栅驱,2025-11,0.0,0.0,0.0,0.0,0.0
车规有刷H桥栅驱,2025-12,0.0,0.0,0.0,0.0,0.0
车规有刷H桥栅驱,2026-01,0.0,0.0,0.0,0.0,0.0
车规有刷H桥栅驱,2026-02,0.0,0.0,0.0,0.0,0.0
车规有刷H桥栅驱,2026-03,0.0,0.0,0.0,0.0,0.0
车规有刷H桥栅驱,2026-04,0.0,0.0,0.0,0.0,0.0
车规有刷H桥栅驱,2026-05,0.0,0.0,0.0,0.0,0.0
车规有刷H桥栅驱,2026-06,0.0,0.0,0.0,0.0,0.0
车规有刷H桥栅驱,2026-07,106470.0,0.0,0.0,0.0,0.0
车规有刷H桥栅驱,2026-08,35490.0,17745.0,3549.0,3371.5499999999997,1064.7
无刷直流电机驱动,2025-01,92414.73999999999,131897.8633333333,18591.4205444584,17661.849517235478,24197.863634910125
无刷直流电机驱动,2025-02,21571.32,142355.63166666665,20417.622957736032,19396.74180984923,29425.904309663605
无刷直流电机驱动,2025-03,0.0,104102.03833333333,20448.485284501523,19426.061020276447,30915.617306901102
无刷直流电机驱动,2025-04,102424.67,59907.04666666666,20448.485284501523,19426.061020276447,27824.055576210994
无刷直流电机驱动,2025-05,10221.23,37734.47,22174.665482821794,21065.932208680704,33284.536115775954
无刷直流电机驱动,2025-06,66238.86,39438.00833333334,21813.310270187,20722.64475667765,33488.841367284316
无刷直流电机驱动,2025-07,0.0,48811.80333333334,23257.033483810403,22094.18180961988,36539.055841645626
无刷直流电机驱动,2025-08,0.0,33409.34666666667,23257.033483810403,22094.18180961988,32885.15025748107
无刷直流电机驱动,2025-09,136725.49,29814.126666666667,23257.033483810403,22094.18180961988,29596.635231732962
无刷直流电机驱动,2025-10,221387.89,52601.708333333336,25438.358749875126,24166.44081238137,36799.283370595454
无刷直流电机驱动,2025-11,185070.53999999998,72428.91166666667,32283.77474946686,30669.586011993513,48872.4688726487
无刷直流电机驱动,2025-12,251629.49,101570.46333333333,37992.77584615865,36093.13705385072,58687.4869712737
无刷直流电机驱动,2026-01,300965.01,132468.90166666664,46508.88406279896,44183.43985965901,72644.02989517426
无刷直流电机驱动,2026-02,0.0,182629.73666666666,57301.179834560375,54436.12084283235,89647.77904973438
无刷直流电机驱动,2026-03,180875.88,182629.73666666666,57301.179834560375,54436.12084283235,80683.00114476094
无刷直流电机驱动,2026-04,363034.87,189988.135,60155.35942266208,57147.59145152897,88953.5093421267
无刷直流电机驱动,2026-05,412034.91,213595.965,73986.84270212063,70287.50056701459,109419.12777099201
无刷直流电机驱动,2026-06,684645.22,251423.36,90311.3190598559,85795.7531068631,132719.44051843707
无刷直流电机驱动,2026-07,262721.98,323592.6483333333,120576.9652772195,114548.11701335851,175574.73173582766
无刷直流电机驱动,2026-08,248760.58000000002,317218.81,128189.08195015449,121779.62785264676,183627.1154272867
电机驱动,2025-01,276489.22,266782.1816666667,447099.40869727515,424744.4382624114,450141.61401709815
电机驱动,2025-02,282875.61,312863.7183333333,432262.7778110241,410649.6389204729,435797.52696406085
电机驱动,2025-03,254561.21,303347.87333333335,419100.1342950083,398145.1275802579,422881.617747982
电机驱动,2025-04,11335.31,299516.3466666667,404428.01759764244,384206.6167177603,408257.07498318603
电机驱动,2025-05,284571.78,254383.89500000002,368991.77329327544,350542.18462861166,372538.64346949273
电机驱动,2025-06,284673.43,255740.89833333335,361305.81173620746,343240.5211493971,364750.87379118503
电机驱动,2025-07,419069.2,232417.75999999998,354265.8201844921,336552.5291752675,357559.6120230977
电机驱动,2025-08,130065.89,256181.09,360267.93092733534,342254.53438096854,363491.50514552614
电机驱动,2025-09,403024.89,230712.80333333332,338788.02629400004,321848.6249793,341675.41550419014
电机驱动,2025-10,391176.85,255456.75,344822.2745136259,327581.16078794457,347598.41671394504
电机驱动,2025-11,230421.48,318763.67333333334,349203.2657935185,331743.10250384256,351841.16537507286
电机驱动,2025-12,345277.18,309738.62333333335,337915.18043747597,321019.42141560215,340296.9066715032
电机驱动,2026-01,574517.84,319839.24833333335,338618.29990083043,321687.3849057889,340834.7877630517
电机驱动,2026-02,0.0,345747.355,361249.9535545731,343187.45587684447,363437.28920745384
电机驱动,2026-03,230203.94,324069.7066666666,361249.9535545731,343187.45587684447,327093.56028670847
电机驱动,2026-04,230479.09999999998,295266.215,317994.34666278976,302094.62932965026,319134.3611263184
电机驱动,2026-05,230034.84,268483.25666666665,310210.35728238465,294699.8394182654,311667.0157952295
电机驱动,2026-06,229887.56,268418.8166666667,302999.47480882425,287849.50106838305,304640.578067859
电机驱动,2026-07,0.0,249187.21333333335,296357.05226894614,281539.19965549884,298087.3370162026
电机驱动,2026-08,0.0,153434.24,296357.05226894614,281539.19965549884,268278.6033145823
