月,实际,raw_sum,anchor,scaled_sum
2025-01,52217317.8,56244962.14357574,50013833.04290323,50013833.04290323
2025-02,41866714.43,53025684.51356061,50063849.52548387,50063849.52548387
2025-03,55356569.65,52833020.115696974,53062791.321666665,53062791.32166666
2025-04,59116009.660000004,55965574.66975759,52107272.67,52107272.67
2025-05,56544923.72,58062440.57028788,53284256.59333333,53284256.59333333
2025-06,55783672.58,57815584.44440909,53918808.43333334,53918808.43333334
2025-07,55054620.260000005,56164636.12274242,53480867.97333333,53480867.97333333
2025-08,58235340.70999999,55131624.989545465,53953751.71666667,53953751.71666667
2025-09,61484772.31,56833616.34321212,56681856.09666666,56681856.09666666
2025-10,53305129.910000004,56586894.965393946,57703223.206666656,57703223.20666665
2025-11,58752521.67,55619435.00399999,56734743.24833334,56734743.24833334
2025-12,67044884.36,55240250.943272725,57102676.24000001,57102676.24000001
2026-01,86153483.11999999,59636813.41913637,72576402.91270123,72576402.91270123
2026-02,52571827.87,65486063.1085606,52987722.2875,52987722.2875
2026-03,63747815.99999999,59291161.13492424,63218769.873333335,63218769.873333335
2026-04,85359598.83999999,63165313.319242425,63595943.821666665,63595943.82166667
2026-05,69279012.46,71901956.26931818,68938355.31,68938355.31
2026-06,73694545.62,70122076.96487877,70692770.44166668,70692770.44166668
2026-07,77596625.91,70403764.2550606,71801047.31833333,71801047.31833333
2026-08,69025584.92,70912378.80259089,70374904.45,70374904.45
