月,实际,naive,ma3,ma6,ma12,snaive,trend6,trend12,ses,holt,theta,arima,ens_all,ens_sel,ens_top3,ens_top5,wd3_,phase_,final_ma6,final_ens_all,final_ens_sel,final_ens_top3,final_ens_top5
2025-01,52217317.8,58411315.34,54401011.38,54691860.29333333,51616598.46,61155404.92999999,57625866.75533333,57721424.846818164,54378373.20107289,57573194.091270514,58411315.34,55234651.43910106,56474637.8251754,56474637.8251754,56474637.8251754,56474637.8251754,50013833.04290323,,50013833.04290323,50013833.04290323,50013833.04290323,50013833.04290323,50013833.04290323
2025-02,41866714.43,52217317.8,54455415.27333333,55034876.885,50871757.865833335,22398700.230000004,53558762.66999997,59945047.817424245,53959027.74133863,56837120.21702428,52217317.8,55701649.472204305,51563363.0701962,51563363.0701962,51563363.0701962,51563363.0701962,50063849.52548387,,50063849.52548387,50063849.52548387,50063849.52548387,50063849.52548387,50063849.52548387
2025-03,55356569.650000006,41866714.43,50831782.52333333,53062791.321666665,52494092.38249999,54349349.199999996,44067641.52666665,50903627.17363635,51585255.20003658,53225589.19791993,41866714.43,47553245.22281318,49255163.8735066,49255163.8735066,49255163.8735066,49255163.8735066,53373371.6495,54349349.199999996,53062791.321666665,49255163.8735066,49255163.8735066,49255163.8735066,49255163.8735066
2025-04,59116009.660000004,55356569.650000006,49813533.96,52107272.669999994,52578027.419999994,55299940.089999996,49877835.20599998,52251325.587727256,52385687.86441837,53435776.93911761,55356569.650000006,47780963.27252171,52385772.937253185,52385772.937253185,52385772.937253185,52385772.937253185,55723614.26033898,55299940.089999996,52107272.669999994,52385772.937253185,52385772.937253185,52385772.937253185,52385772.937253185
2025-05,56544923.72,59116009.660000004,52113097.913333334,53284256.593333334,52896033.2175,50173573.85,54521971.03933331,55008028.41590908,53643444.31594135,55445812.028980434,59116009.660000004,57089209.4202122,54764313.28314027,54764313.28314027,54764313.28314027,54764313.28314027,47910428.7267742,50173573.85,53284256.593333334,54764313.28314027,54764313.28314027,54764313.28314027,54764313.28314027
2025-06,55783672.58,56544923.72,57005834.343333334,53918808.43333334,53426979.04,47871051.46,56404205.70333332,55646833.8690909,54161083.12537552,55792347.48178851,56544923.72,57931826.02651054,55022619.72025141,55022619.72025141,55022619.72025141,55022619.72025141,55166936.46129033,47871051.46,53918808.43333334,55022619.72025141,55022619.72025141,55022619.72025141,55022619.72025141
2025-07,55054620.260000005,55783672.58,57148201.98666666,53480867.97333333,54086364.13333333,50159218.24999999,60043452.1513333,55253868.28969699,54453875.28892736,55864881.24456448,55783672.58,56193693.215308934,55295615.24483312,55295615.24483312,55295615.24483312,55295615.24483312,64643048.14885245,50159218.24999999,53480867.97333333,55295615.24483312,55295615.24483312,55295615.24483312,55295615.24483312
2025-08,58235340.71,55054620.260000005,55794405.52,53953751.71666667,54494314.300833344,53699227.809999995,60418726.916666634,54743589.386969686,54563294.2766947,55616677.00167733,55054620.260000005,55447205.607879534,55349130.277944356,55349130.277944356,55349130.277944356,55349130.277944356,56694315.286451615,53699227.809999995,53953751.71666667,55349130.277944356,55349130.277944356,55349130.277944356,55349130.277944356
2025-09,61484772.31,58235340.71,56357877.85,56681856.096666664,54872323.709166676,61089681.559999995,56826699.69266663,55821943.47984848,55242597.70527791,55959989.35771292,58235340.71,56521617.00443253,56895024.352342896,55474213.5630015,55674843.514279775,55715742.06973453,60760837.05703125,61089681.559999995,56681856.096666664,56895024.352342896,55474213.5630015,55674843.514279775,55715742.06973453
2025-10,53305129.910000004,61484772.31,58258244.42666667,57703223.206666656,54905247.93833333,52054106.120000005,59321824.39666665,59344926.496969685,56493300.76234858,58059597.66128445,61484772.31,59741526.00738648,58077412.87602932,58702262.079127066,58369249.121640265,57301259.21312054,46954405.955820896,52054106.120000005,57703223.206666656,58077412.87602932,58702262.079127066,58369249.121640265,57301259.21312054
2025-11,58752521.67,53305129.910000004,57675080.97666667,56734743.24833334,55009499.92083334,52737612.68,57143248.30733331,58206766.162424244,55829225.32713983,57579126.67242822,53305129.910000004,57718289.21822983,55931259.30303535,56656154.52070641,56931797.5852286,56671872.2662318,55814594.493548386,52737612.68,56734743.24833334,55931259.30303535,56656154.52070641,56931797.5852286,56671872.2662318
2025-12,67044884.36,58752521.67,57847474.629999995,57102676.24000001,55510742.336666666,58411315.34,58387196.83999998,58972524.60348485,56399104.473182455,58001334.19496981,58752521.67,55806832.29370428,57631294.935637094,58486929.39922733,58025511.67948488,57197276.36966075,65434028.67983606,58411315.34,57102676.24000001,57631294.935637094,58486929.39922733,58025511.67948488,57197276.36966075
2026-01,86153483.11999999,67044884.36,59700845.31333333,58979544.870000005,56230206.42166666,52217317.8,64311866.96799999,63432511.67257576,58697655.61029881,59601931.32148055,67044884.36,62633827.14674878,60899588.713100344,61517221.49702816,60671329.28801877,59388369.97920436,61658250.07770492,72576402.91270123,72576402.91270123,72576402.91270123,72576402.91270123,72576402.91270123,72576402.91270123
2026-02,52571827.87,86153483.11999999,70650296.38333333,64162688.68000001,59058220.198333345,41866714.43,80334532.67599995,72555718.44015151,67966168.28355993,64888347.26025576,86153483.11999999,76519898.42991245,70028141.00195876,68722032.85020363,67202251.46013576,65726228.5724601,52987722.287499994,30187700.82349174,52987722.287499994,52987722.287499994,52987722.287499994,52987722.287499994,52987722.287499994
2026-03,63747816.0,52571827.87,68590065.11666666,63218769.873333335,59950312.98500001,55356569.650000006,69446039.88533331,66746904.62227274,61851820.404427424,64194665.35076579,52571827.87,71583581.73710349,62371125.94226389,65470784.98651926,64720113.28212395,63192494.64715986,75449071.62833333,63219374.32715365,63218769.873333335,62371125.94226389,65470784.98651926,64720113.28212395,63192494.64715986
2026-04,85359598.84,63747816.0,67491042.33,63595943.821666665,60649583.514166676,59116009.660000004,68873938.60266663,67038308.55621211,62328627.68854507,64860312.46315282,63747816.0,57766264.34026971,63565060.27060724,65949310.50968246,65164854.947010525,63694555.20874866,72066706.21677965,68191249.09837583,63595943.821666665,63565060.27060724,65949310.50968246,65164854.947010525,63694555.20874866
2026-05,69279012.46,85359598.84,67226414.23666666,68938355.31,62836549.27916667,56544923.72,77894607.86199996,74949676.78666668,68518859.10624921,67738905.82865077,85359598.84,74564469.79909804,71811996.32804526,71344291.30765873,70542312.6417725,69474442.25364667,64947552.73711865,67171159.53116508,68938355.31,71811996.32804526,71344291.30765873,70542312.6417725,69474442.25364667
2026-06,73694545.62,69279012.46,72795475.76666667,70692770.44166668,63897723.340833336,55783672.58,72689268.02066666,75762577.27378789,68768716.99544595,68453624.09543264,69279012.46,77513098.06118345,69537722.86324394,72108100.68461026,71636323.93696241,71294632.91459997,73969596.34354839,66716287.192353114,70692770.44166668,69537722.86324394,72108100.68461026,71636323.93696241,71294632.91459997
2026-07,77596625.91,73694545.62,76111052.30666667,71801047.31833333,65390296.09416667,55054620.260000005,72744912.2293333,77307022.41757576,70259607.02411945,69674367.07557811,73694545.62,71462531.24454084,70654049.74639219,73490694.74657694,72927478.9371624,73030619.22845466,86092829.65836066,66560915.636305645,71801047.31833333,70654049.74639219,73490694.74657694,72927478.9371624,73030619.22845466
2026-08,69025584.92,77596625.91,73523394.66333333,70374904.45,67268796.56500001,58235340.71,84263263.71799995,79183382.93681818,72503931.7579118,70977278.56300391,77596625.91,75635424.74234198,73378088.1751281,74561352.05438514,74561352.05438514,73312578.47421345,73523394.66333333,71886789.24352567,70374904.45,73378088.1751281,74561352.05438514,74561352.05438514,73312578.47421345
