月,实际,lgbm,combo,blend
2025-05,56544923.72,46944013.29636648,53284256.59333333,50114134.94484991
2025-06,55783672.58,60077457.271191426,53918808.43333334,56998132.85226238
2025-07,55054620.260000005,56492186.05290585,53480867.97333333,54986527.01311959
2025-08,58235340.70999999,57599040.587931916,53953751.71666667,55776396.15229929
2025-09,61484772.31,55293222.14833216,56681856.09666666,55987539.12249941
2025-10,53305129.910000004,54098738.40677893,57703223.206666656,55900980.80672279
2025-11,58752521.67,54163296.10869992,56734743.24833334,55449019.67851663
2025-12,67044884.36,52976048.95474441,57102676.24000001,55039362.59737221
2026-01,86153483.11999999,76183487.99212265,72576402.91270123,74379945.45241195
2026-02,52571827.87,74951093.73335694,52987722.2875,63969408.01042847
2026-03,63747815.99999999,56219734.768369436,63218769.873333335,59719252.320851386
2026-04,85359598.83999999,58993228.37629368,63595943.821666665,61294586.09898017
2026-05,69279012.46,54192167.51664148,68938355.31,61565261.41332074
2026-06,73694545.62,64190320.59345163,70692770.44166668,67441545.51755916
2026-07,77596625.91,52558404.06944709,71801047.31833333,62179725.693890214
2026-08,69025584.92,63375923.06701976,70374904.45,66875413.75850988
