月,实际,预测,实际向,预测向,命中
2025-02,4186.671443,5006.3849525483865,-1,-1,1
2025-03,5535.656965,5321.512025973662,1,1,1
2025-04,5911.600966,5221.38576707776,1,-1,0
2025-05,5654.492372,5344.544580757627,-1,-1,1
2025-06,5578.367258,5408.044876033057,-1,-1,1
2025-07,5505.462026,5365.510213546552,-1,-1,1
2025-08,5823.534071,5414.0858526553275,1,-1,0
2025-09,6148.477231,5674.620684325081,1,-1,0
2025-10,5330.512991,5788.272252500696,-1,-1,1
2025-11,5875.252167000001,5690.32677145478,1,1,1
2025-12,6704.488436,5732.473647535533,1,-1,0
2026-01,8615.348312,7257.640291270123,1,1,1
2026-02,5257.182787,5298.77222875,-1,-1,1
2026-03,6374.7816,6351.925388595771,1,1,1
2026-04,8535.959884,6388.1564076179075,1,1,1
2026-05,6927.901245999999,6897.677287510498,-1,-1,1
2026-06,7369.454562000001,7106.894452046341,1,1,1
2026-07,7759.662590999999,7219.0135794506195,1,-1,0
2026-08,6902.558492,7059.28668278708,-1,-1,1
