月,预测,规则,无偏
2026-09,73116671.77833334,ma6,76041338.64946668
2026-10,74678248.03638889,ma6,77665377.95784445
2026-11,72898123.1974537,ma6,75814048.12535185
2026-12,73501529.55702932,ma6,76441590.7393105
2027-01,102256400.02200617,phase中枢(A=11129/B=8596/C=10226万),106346656.02288643
2027-02,54195892.01166327,cny低谷(前月×0.53),56363727.692129806
2027-03,75107810.76714577,ma6,78112123.1978316
2027-04,75439667.26528119,ma6,78457253.95589243
2027-05,75566570.47009657,ma6,78589233.28890043
2027-06,76011311.68220372,ma6,79051764.14949188
2027-07,76429608.70306613,ma6,79486793.05118877
2027-08,72125143.48324277,ma6,75010149.22257248
