,选优方法,2026-09,2026-10,2026-11,2026-12,2027-01,2027-02,2027-03,2027-04,2027-05,2027-06,2027-07,2027-08
DCDC-18V-降压2-4A,ma6,16402404.10328322,17399756.438687917,16182287.416438254,16026285.180323733,22031424.583779313,11959094.267041273,15992227.70819724,15862488.700279212,16388578.076930383,15877276.054178873,15840596.281690912,14977576.230410252
DCDC-18V-降压5-12A,ma3,1879360.5318692308,2050930.1514133632,1901399.3142591617,1861596.997157845,2578996.604152914,1410795.6309496742,1872849.8915248401,1856412.3182081422,1921019.778405446,1859497.5485816218,1856574.7978906874,1756790.6643585851
DCDC-30V/40V降压1-6A通用系列,trend12,2832675.674818524,3044685.981373236,3026137.6486204728,3052348.8234069245,4347740.742812024,2565464.269723568,3416808.613873394,3452878.6899874,3840086.7682628497,3855543.626812539,3927797.1768708285,3800107.7135951025
DCDC-5V-降压1-3A,ma12,8603778.912049169,8953958.773980565,8745626.392812556,8678355.52504205,11839506.81035584,6259258.90733194,8511176.0017372,8426182.855679546,8569585.381639872,8365551.128021741,8389093.21670039,7829183.7810826935
H桥BDC-中大功率(合封系列20/30/40V/60V ),ma6,2630892.858318394,2808811.2333512744,2638509.692816979,2632141.982265928,3545778.950638614,1977517.4700628235,2599762.2669642274,2584317.700679263,2674188.4435590883,2591084.1614480675,2582329.26946541,2446864.4659338198
H桥BDC-低压5-20V <3A（单芯）,ma12,1007766.2913935222,1011085.0059777545,973743.5359180386,950208.2751965583,1313744.9055916476,709895.0874934223,956460.8837210556,952893.2636877298,979462.7671817592,936648.0313227312,913889.5629273189,865337.9872984552
H桥BDC-高压36V以上<3A,ma3,5301201.161976466,5405313.450832246,5105663.180587909,5048608.172697956,6904345.520796609,3797015.8788021975,5044429.92379613,4988757.179043346,5168924.315027275,5002963.702168715,4993269.996575638,4726186.96005801
LDO通用/双通道,yoy_adj,3836855.8549193563,2956015.7228060765,3474506.0658392804,3872650.581398924,7019494.378769856,2279042.1671446664,3720456.770581771,4616639.902248736,2598388.271796296,4249863.401103513,4193924.425167102,3489872.465670777
LED驱动-降压中低压,naive,1015394.3637406024,1042783.9088276546,998011.650124798,975877.7798438515,1338675.942818639,737435.930085599,977606.5871654482,967656.3066958704,1002738.2061430345,970174.9036803448,968496.3560498144,916681.7053117794
LNB PMU,ma3,1123952.4498543094,1115119.2852132777,1023329.6531400735,1041472.4605659236,1410943.0638203027,773464.2363770935,1033022.6388840869,1019111.639221462,1055788.6834353823,1022812.1499728878,1020258.0459215514,965756.7020717299
POE-PD协议及隔离DC-DC,ma6,1154337.9827584517,1212852.5770978765,1235805.8774639035,1192445.3501561768,1663011.4399249137,807583.4818573059,1156430.592493277,1152092.307285782,1198458.352730736,1152572.9320434514,1145104.304155954,1074685.2800271562
PSE,trend12,2862967.975659959,3092375.656355466,3020095.2021832,3091967.3911582194,4500881.330060022,2671859.843632108,3670142.4989599255,3806565.4486657693,4012158.109016107,3897688.8726097774,4105459.2587411045,3964810.742943951
Power Switch-中压18V/5V,ma12,1292466.0834979836,1357764.8168216231,1338366.9572667729,1331254.597432438,1761787.1110864067,942822.7426295944,1279636.9389636095,1306324.5432684205,1319305.2688121735,1232961.0456865004,1241718.2743275184,1196420.3966662951
USB单通道/多通道2.4A/3A,trend12,2804260.5036969753,2891035.1481780643,2776005.9332907526,2726321.1839578915,3702783.0389057063,2145383.9256712524,2856828.6967358673,2826781.4865655913,3027087.616288167,2801954.206304657,2847108.5095937867,2793805.73423664
步进驱动细分/微细分,ma3,2416955.27040968,2433511.9256787812,2345193.109553103,2297816.7235307395,3140600.339789997,1733104.831560482,2297649.80568739,2272865.700151351,2356198.5243874895,2279549.0569376624,2275394.0596343144,2153835.4250117377
其他(55类),ma6snaivenaivenaivema6ma6ma6snaivetrend12trend12ma3yoy_adjtrend6ma12ma6ma12trend12ma6trend6naivesnaivema6ma12trend12ma12trend6trend12ma3naivema3naivema12ma6ma12ma12snaivema3snaivetrend12naivema12snaivema12trend12naivesnaivema12naivenaivetrend12ma3ma12ma3naivema12,17951401.76008751,17902247.9597937,18113441.567138433,18722178.53289418,25156685.258703336,13426153.341300258,19722320.94786031,19347699.223613568,19454601.906480532,19915170.86133066,20128595.167353805,19167227.228565793
