产品线,方法,全期_WAPE,Bias,n,Y26_WAPE,Bias_y26,n_y26
POE电源管理,trend12,0.20824457604505744,-0.011405181320429126,20,0.22060738012869135,0.03174953481153288,8
dTOF模组,ma6,0.5497440635839046,-0.06641229043972408,20,0.41105692142525024,0.17800680630118426,8
充电与控制电源管理,naive,0.17380041969384366,-0.03148807507929522,20,0.16792466048721816,-0.026852489894521804,8
新显示MLED驱动,trend6,0.4253355611348553,0.06827189449309749,20,1.5494554157234992,-0.4505445842765008,8
无刷直流电机驱动,ma3,0.6379335644552655,-0.1591880785196089,20,0.6352062602198509,-0.08288407654868461,8
有刷直流电机驱动,naive,0.19799724106986782,-0.003337564688164854,20,0.23832048273388773,-0.01060782490801352,8
步进电机驱动,ma3,0.2488421171327243,-0.06260373507488201,20,0.2676852576515318,-0.10674973719022428,8
电机驱动,ma6,0.5030798837065253,0.1480008039985599,20,0.8284801471354255,0.48780109401190436,8
电源模组,ma12,0.7261103581103846,-0.31707549519221295,20,0.34208561303823193,-0.1902541202706624,8
电脑&计算电源管理,trend12,0.3084602778632105,-0.0026334279863926458,20,0.3614095196074221,0.048154609105772586,8
硬件锂电保护,snaive,0.15618778562914568,-0.009693555436245959,20,0.1335530251628666,-0.06661982362381635,8
磁传感,ma6,0.23093542293986982,-0.09610954801181233,20,0.2291421045626695,-0.14309706554570892,8
车规有刷H桥栅驱,ma3,0.75,-0.75,20,0.75,-0.75,8
车规电机驱动,naive,0.23572799970291805,-0.04616811553589759,20,0.20356810199117376,-0.06383436736351794,8
车规电源管理,trend12,0.463361766412161,-0.06479289162313846,20,0.4400689693134858,-0.1058130396861016,8
通用电源管理,ma12,0.111984162272856,-0.0553422593815699,20,0.14646378125169365,-0.11692214662207381,8
音频功放,naive,0.2764335631109585,-0.03845921234900761,20,0.2565078251809735,0.02737411437142629,8
