月,金额
2020-01,7758298.2700000005
2020-02,8574880.67
2020-03,17998857.94
2020-04,7234666.23
2020-05,10032839.5
2020-06,10029366.2
2020-07,16678572.97
2020-08,17121646.07
2020-09,24451864.23
2020-10,20949303.99
2020-11,28298280.91
2020-12,31546663.52
2021-01,37519714.92
2021-02,16995536.19
2021-03,31055372.36
2021-04,37245584.36
2021-05,38091058.12
2021-06,38021286.82
2021-07,37144178.34
2021-08,39338007.85
2021-09,38652070.71
2021-10,33480061.02
2021-11,39711079.42
2021-12,34249279.09
2022-01,39913259.29
2022-02,26309640.95
2022-03,49302276.12
2022-04,59658811.25
2022-05,50159369.33
2022-06,42991569.04
2022-07,40245200.47
2022-08,47111292.67
2022-09,45506451.51
2022-10,40695634.81
2022-11,47980423.02
2022-12,54928218.34
2023-01,27838710.26
2023-02,40991842.33
2023-03,74335171.88
2023-04,27735514.86
2023-05,36900165.03
2023-06,34690700.76
2023-07,32042546.01
2023-08,43397102.45
2023-09,54059526.33
2023-10,45051478.66
2023-11,49976003.71
2023-12,49533007.28
2024-01,61155404.93
2024-02,22398700.23
2024-03,54349349.2
2024-04,55299940.09
2024-05,50173573.85
2024-06,47871051.46
2024-07,50159218.25
2024-08,53699227.81
2024-09,61089681.56
2024-10,52054106.12
2024-11,52737612.68
2024-12,58411315.34
2025-01,52217317.8
2025-02,41866714.43
2025-03,55356569.65
2025-04,59107163.2
2025-05,56544923.72
2025-06,55783672.58
2025-07,55054620.26
2025-08,58235340.71
2025-09,61484772.31
2025-10,53305129.91
2025-11,58752521.67
2025-12,67033047.59
2026-01,86153306.13
2026-02,52571827.87
2026-03,63747214.23
2026-04,85358997.07
2026-05,69277685.04
2026-06,73694167.75
2026-07,77596381.66
2026-08,69025584.92
