产品线,实际合计万,金额占比%,WAPE%,置信档
通用电源管理,79006.583202,63.1,11.2,A
有刷直流电机驱动,20301.908826,16.2,19.8,B
POE电源管理,6495.703098,5.2,20.8,B
充电与控制电源管理,5962.594491,4.8,17.4,B
步进电机驱动,4440.3697,3.5,24.9,B
车规电机驱动,2712.679596,2.2,23.6,B
硬件锂电保护,2186.129758,1.7,15.6,B
新显示MLED驱动,990.762707,0.8,42.5,C
音频功放,792.094095,0.6,27.6,C
磁传感,492.71413,0.4,23.1,B
电机驱动,480.866533,0.4,50.3,C
电脑&计算电源管理,446.146875,0.4,30.8,C
车规电源管理,423.234674,0.3,46.3,C
无刷直流电机驱动,354.072268,0.3,63.8,C
dTOF模组,93.279288,0.1,55.0,C
电源模组,23.360609,0.0,72.6,C
车规有刷H桥栅驱,14.196,0.0,75.0,C
