产品线,月,金额
,2020-01,182096.9
,2020-02,12822.96
,2020-03,178008.57
,2020-04,48053.03999999999
,2020-05,11150.4
,2020-06,11150.4
,2020-07,13938.0
,2020-08,16991.1
,2020-09,5805.29
,2020-10,103725.45999999999
,2020-11,67831.7
,2020-12,104601.58
,2021-01,72477.6
,2021-02,42477.84
,2021-03,70645.91
,2021-04,132310.6
,2021-06,19752.18
,2021-07,-87663.11
,2022-08,172177.28
,2022-09,1529259.83
PMIC,2022-07,1174934.28
PMIC,2022-08,743808.35
PMIC,2022-09,151770.4
POE电源管理,2023-04,32300.879999999997
POE电源管理,2023-05,8328.33
POE电源管理,2023-06,12212.38
POE电源管理,2023-07,20893.79
POE电源管理,2023-08,29995.87
POE电源管理,2023-09,60534.81
POE电源管理,2023-10,295239.5
POE电源管理,2023-11,780323.13
POE电源管理,2023-12,915897.26
POE电源管理,2024-01,675465.34
POE电源管理,2024-02,132424.97
POE电源管理,2024-03,788849.48
POE电源管理,2024-04,782305.04
POE电源管理,2024-05,529071.37
POE电源管理,2024-06,663234.96
POE电源管理,2024-07,625137.8099999999
POE电源管理,2024-08,1526328.29
POE电源管理,2024-09,919973.01
POE电源管理,2024-10,644805.65
POE电源管理,2024-11,933389.0
POE电源管理,2024-12,2253923.65
POE电源管理,2025-01,1313692.78
POE电源管理,2025-02,722860.49
POE电源管理,2025-03,1704299.35
POE电源管理,2025-04,1737893.52
POE电源管理,2025-05,2176876.46
POE电源管理,2025-06,2867697.15
POE电源管理,2025-07,2917463.7600000002
POE电源管理,2025-08,3643105.14
POE电源管理,2025-09,3049535.7199999997
POE电源管理,2025-10,2774441.52
POE电源管理,2025-11,3936413.86
POE电源管理,2025-12,3907488.56
POE电源管理,2026-01,4866673.95
POE电源管理,2026-02,3004545.39
POE电源管理,2026-03,3662912.14
POE电源管理,2026-04,3075145.09
POE电源管理,2026-05,4652545.17
POE电源管理,2026-06,4905017.81
POE电源管理,2026-07,5657696.48
POE电源管理,2026-08,4380726.64
dTOF模组,2023-04,132.74
dTOF模组,2023-06,530.97
dTOF模组,2023-08,6844.25
dTOF模组,2023-10,21238.94
dTOF模组,2023-11,22831.86
dTOF模组,2023-12,10619.47
dTOF模组,2024-01,10884.95
dTOF模组,2024-02,10619.47
dTOF模组,2024-03,84955.74
dTOF模组,2024-05,442.48
dTOF模组,2024-07,99230.08
dTOF模组,2024-09,19823.01
dTOF模组,2024-10,17079.64
dTOF模组,2024-11,4591.19
dTOF模组,2024-12,44159.29
dTOF模组,2025-01,48938.04
dTOF模组,2025-02,23716.81
dTOF模组,2025-03,21238.93
dTOF模组,2025-04,37964.58
dTOF模组,2025-06,2270.4
dTOF模组,2025-07,30829.2
dTOF模组,2025-08,54690.1
dTOF模组,2025-09,95504.35
dTOF模组,2025-10,6991.15
dTOF模组,2025-11,34867.22
dTOF模组,2025-12,123451.25
dTOF模组,2026-01,98584.05
dTOF模组,2026-02,49646.0
dTOF模组,2026-03,69366.34999999999
dTOF模组,2026-04,73805.27
dTOF模组,2026-05,75619.45
dTOF模组,2026-06,18362.829999999998
dTOF模组,2026-07,32345.129999999997
dTOF模组,2026-08,34601.77
充电与控制电源管理,2020-01,222200.51
充电与控制电源管理,2020-02,362855.02
充电与控制电源管理,2020-03,695230.36
充电与控制电源管理,2020-04,352165.56
充电与控制电源管理,2020-05,464535.95
充电与控制电源管理,2020-06,553831.62
充电与控制电源管理,2020-07,923915.69
充电与控制电源管理,2020-08,1387339.3800000001
充电与控制电源管理,2020-09,1472917.87
充电与控制电源管理,2020-10,1264676.84
充电与控制电源管理,2020-11,1592056.08
充电与控制电源管理,2020-12,2197430.44
充电与控制电源管理,2021-01,1347536.4
充电与控制电源管理,2021-02,603275.52
充电与控制电源管理,2021-03,2280933.45
充电与控制电源管理,2021-04,1977030.95
充电与控制电源管理,2021-05,2225737.94
充电与控制电源管理,2021-06,1559712.79
充电与控制电源管理,2021-07,1148321.99
充电与控制电源管理,2021-08,925763.46
充电与控制电源管理,2021-09,1651815.77
充电与控制电源管理,2021-10,2211763.75
充电与控制电源管理,2021-11,1492680.92
充电与控制电源管理,2021-12,1209675.34
充电与控制电源管理,2022-01,744284.89
充电与控制电源管理,2022-02,610984.97
充电与控制电源管理,2022-03,1848002.47
充电与控制电源管理,2022-04,1898398.1
充电与控制电源管理,2022-05,2213303.32
充电与控制电源管理,2022-06,2109100.42
充电与控制电源管理,2022-07,2136800.45
充电与控制电源管理,2022-08,1779864.71
充电与控制电源管理,2022-09,2176678.63
充电与控制电源管理,2022-10,4975299.24
充电与控制电源管理,2022-11,6422338.07
充电与控制电源管理,2022-12,3919169.64
充电与控制电源管理,2023-01,516412.48
充电与控制电源管理,2023-02,3364765.92
充电与控制电源管理,2023-03,2456181.19
充电与控制电源管理,2023-04,910301.71
充电与控制电源管理,2023-05,1217927.56
充电与控制电源管理,2023-06,1291757.43
充电与控制电源管理,2023-07,1395821.88
充电与控制电源管理,2023-08,1397000.57
充电与控制电源管理,2023-09,1751716.45
充电与控制电源管理,2023-10,1933487.32
充电与控制电源管理,2023-11,2003202.19
充电与控制电源管理,2023-12,2131646.92
充电与控制电源管理,2024-01,1397177.68
充电与控制电源管理,2024-02,466681.09
充电与控制电源管理,2024-03,1953987.62
充电与控制电源管理,2024-04,2280321.43
充电与控制电源管理,2024-05,1778255.34
充电与控制电源管理,2024-06,2243357.65
充电与控制电源管理,2024-07,2603671.21
充电与控制电源管理,2024-08,1735489.21
充电与控制电源管理,2024-09,2170160.09
充电与控制电源管理,2024-10,2132037.14
充电与控制电源管理,2024-11,3370091.15
充电与控制电源管理,2024-12,2580462.29
充电与控制电源管理,2025-01,1657028.14
充电与控制电源管理,2025-02,1958474.05
充电与控制电源管理,2025-03,2243126.79
充电与控制电源管理,2025-04,2587718.66
充电与控制电源管理,2025-05,2160773.54
充电与控制电源管理,2025-06,2645550.73
充电与控制电源管理,2025-07,2116427.97
充电与控制电源管理,2025-08,2364950.09
充电与控制电源管理,2025-09,2963292.78
充电与控制电源管理,2025-10,2661607.26
充电与控制电源管理,2025-11,3366729.66
充电与控制电源管理,2025-12,3673147.64
充电与控制电源管理,2026-01,3328807.74
充电与控制电源管理,2026-02,2108327.85
充电与控制电源管理,2026-03,2395475.23
充电与控制电源管理,2026-04,3902232.5
充电与控制电源管理,2026-05,3853398.69
充电与控制电源管理,2026-06,4275025.6899999995
充电与控制电源管理,2026-07,4905881.38
充电与控制电源管理,2026-08,4457968.5200000005
新显示MLED驱动,2022-12,2933.63
新显示MLED驱动,2023-02,238.94
新显示MLED驱动,2023-04,1797.64
新显示MLED驱动,2023-05,13584.9
新显示MLED驱动,2023-06,32237.53
新显示MLED驱动,2023-07,20763.89
新显示MLED驱动,2023-08,44299.82
新显示MLED驱动,2023-09,47156.42
新显示MLED驱动,2023-10,189151.0
新显示MLED驱动,2023-11,527086.92
新显示MLED驱动,2024-01,639227.84
新显示MLED驱动,2024-04,185573.82
新显示MLED驱动,2024-05,261070.53
新显示MLED驱动,2024-06,184951.21000000002
新显示MLED驱动,2024-08,157375.02
新显示MLED驱动,2024-09,206940.8
新显示MLED驱动,2024-10,857905.23
新显示MLED驱动,2024-11,143906.68000000002
新显示MLED驱动,2024-12,485361.85000000003
新显示MLED驱动,2025-01,344803.56
新显示MLED驱动,2025-02,743183.99
新显示MLED驱动,2025-03,758758.47
新显示MLED驱动,2025-04,843126.57
新显示MLED驱动,2025-05,1064911.91
新显示MLED驱动,2025-06,1360523.29
新显示MLED驱动,2025-07,1539147.0
新显示MLED驱动,2025-08,905932.9600000001
新显示MLED驱动,2025-09,415350.0
新显示MLED驱动,2025-10,608543.44
新显示MLED驱动,2025-11,404696.44
新显示MLED驱动,2025-12,401521.95
新显示MLED驱动,2026-03,265555.97
新显示MLED驱动,2026-05,251571.52
无刷直流电机驱动,2024-07,29668.129999999997
无刷直流电机驱动,2024-08,251092.88
无刷直流电机驱动,2024-09,265169.95
无刷直流电机驱动,2024-10,235460.13
无刷直流电机驱动,2024-12,9996.09
无刷直流电机驱动,2025-01,92414.73999999999
无刷直流电机驱动,2025-02,21571.32
无刷直流电机驱动,2025-04,102424.67
无刷直流电机驱动,2025-05,10221.23
无刷直流电机驱动,2025-06,66238.86
无刷直流电机驱动,2025-09,136725.49
无刷直流电机驱动,2025-10,221387.89
无刷直流电机驱动,2025-11,185070.53999999998
无刷直流电机驱动,2025-12,251629.49
无刷直流电机驱动,2026-01,300965.01
无刷直流电机驱动,2026-03,180875.88
无刷直流电机驱动,2026-04,363034.87
无刷直流电机驱动,2026-05,412034.91
无刷直流电机驱动,2026-06,684645.22
无刷直流电机驱动,2026-07,262721.98
无刷直流电机驱动,2026-08,248760.58000000002
有刷直流电机驱动,2020-01,15442.470000000001
有刷直流电机驱动,2020-02,8761.06
有刷直流电机驱动,2020-03,35345.81
有刷直流电机驱动,2020-04,248052.34999999998
有刷直流电机驱动,2020-05,472400.44
有刷直流电机驱动,2020-06,430780.81
有刷直流电机驱动,2020-07,438674.68
有刷直流电机驱动,2020-08,503873.32
有刷直流电机驱动,2020-09,694835.8
有刷直流电机驱动,2020-10,1260873.3
有刷直流电机驱动,2020-11,790630.17
有刷直流电机驱动,2020-12,1099957.72
有刷直流电机驱动,2021-01,1494580.8
有刷直流电机驱动,2021-02,845314.13
有刷直流电机驱动,2021-03,2168005.26
有刷直流电机驱动,2021-04,4502635.07
有刷直流电机驱动,2021-05,5201192.33
有刷直流电机驱动,2021-06,7674112.3
有刷直流电机驱动,2021-07,7498824.85
有刷直流电机驱动,2021-08,8204651.11
有刷直流电机驱动,2021-09,7413268.76
有刷直流电机驱动,2021-10,5101286.58
有刷直流电机驱动,2021-11,7331607.11
有刷直流电机驱动,2021-12,3940942.6
有刷直流电机驱动,2022-01,4651946.57
有刷直流电机驱动,2022-02,3232155.95
有刷直流电机驱动,2022-03,3756685.55
有刷直流电机驱动,2022-04,4417009.13
有刷直流电机驱动,2022-05,4392249.0200000005
有刷直流电机驱动,2022-06,3200936.5300000003
有刷直流电机驱动,2022-07,4514347.75
有刷直流电机驱动,2022-08,3040618.92
有刷直流电机驱动,2022-09,3931075.25
有刷直流电机驱动,2022-10,4348356.2
有刷直流电机驱动,2022-11,2444259.49
有刷直流电机驱动,2022-12,3091160.99
有刷直流电机驱动,2023-01,1370963.44
有刷直流电机驱动,2023-02,3611281.03
有刷直流电机驱动,2023-03,6634014.66
有刷直流电机驱动,2023-04,5057157.71
有刷直流电机驱动,2023-05,5661730.96
有刷直流电机驱动,2023-06,5179450.22
有刷直流电机驱动,2023-07,5145028.8
有刷直流电机驱动,2023-08,5150152.72
有刷直流电机驱动,2023-09,6466699.95
有刷直流电机驱动,2023-10,4914214.37
有刷直流电机驱动,2023-11,6095966.97
有刷直流电机驱动,2023-12,4527441.84
有刷直流电机驱动,2024-01,5721645.22
有刷直流电机驱动,2024-02,2274579.92
有刷直流电机驱动,2024-03,6429852.37
有刷直流电机驱动,2024-04,7435447.21
有刷直流电机驱动,2024-05,7493811.04
有刷直流电机驱动,2024-06,6864133.93
有刷直流电机驱动,2024-07,6508284.4799999995
有刷直流电机驱动,2024-08,7294930.07
有刷直流电机驱动,2024-09,7863272.35
有刷直流电机驱动,2024-10,7391648.41
有刷直流电机驱动,2024-11,9417481.06
有刷直流电机驱动,2024-12,9960122.48
有刷直流电机驱动,2025-01,9880853.19
有刷直流电机驱动,2025-02,8023351.41
有刷直流电机驱动,2025-03,10739076.63
有刷直流电机驱动,2025-04,12494470.95
有刷直流电机驱动,2025-05,12008939.41
有刷直流电机驱动,2025-06,9327083.8
有刷直流电机驱动,2025-07,8137631.61
有刷直流电机驱动,2025-08,8738607.06
有刷直流电机驱动,2025-09,7286490.18
有刷直流电机驱动,2025-10,7313083.39
有刷直流电机驱动,2025-11,5942401.19
有刷直流电机驱动,2025-12,9646081.55
有刷直流电机驱动,2026-01,13313420.35
有刷直流电机驱动,2026-02,8384364.54
有刷直流电机驱动,2026-03,10850762.58
有刷直流电机驱动,2026-04,16171625.03
有刷直流电机驱动,2026-05,12470777.0
有刷直流电机驱动,2026-06,11195081.25
有刷直流电机驱动,2026-07,10457275.32
有刷直流电机驱动,2026-08,10637711.82
步进电机驱动,2020-06,12035.39
步进电机驱动,2020-08,12033.26
步进电机驱动,2020-09,230.09
步进电机驱动,2021-01,1614.16
步进电机驱动,2021-02,25470.79
步进电机驱动,2021-03,7318.58
步进电机驱动,2021-04,4368.85
步进电机驱动,2021-05,17619.45
步进电机驱动,2021-06,18634.18
步进电机驱动,2021-07,103778.81
步进电机驱动,2021-08,103877.81
步进电机驱动,2021-09,15709.72
步进电机驱动,2021-10,89522.04
步进电机驱动,2021-11,236203.43
步进电机驱动,2021-12,38043.79
步进电机驱动,2022-01,75830.03
步进电机驱动,2022-02,15265.48
步进电机驱动,2022-03,16654.86
步进电机驱动,2022-04,83899.03
步进电机驱动,2022-05,317281.57999999996
步进电机驱动,2022-06,1468979.8699999999
步进电机驱动,2022-07,318336.18
步进电机驱动,2022-08,1195046.25
步进电机驱动,2022-09,208155.13
步进电机驱动,2022-10,184550.54
步进电机驱动,2022-11,183438.89
步进电机驱动,2022-12,309698.3
步进电机驱动,2023-01,82553.25
步进电机驱动,2023-02,359046.68
步进电机驱动,2023-03,886212.6
步进电机驱动,2023-04,582105.84
步进电机驱动,2023-05,566050.29
步进电机驱动,2023-06,288664.57
步进电机驱动,2023-07,389135.32
步进电机驱动,2023-08,546732.82
步进电机驱动,2023-09,795740.91
步进电机驱动,2023-10,890683.44
步进电机驱动,2023-11,908354.74
步进电机驱动,2023-12,1036875.33
步进电机驱动,2024-01,1227600.97
步进电机驱动,2024-02,310953.52
步进电机驱动,2024-03,1354625.78
步进电机驱动,2024-04,1450671.88
步进电机驱动,2024-05,1699455.06
步进电机驱动,2024-06,1939391.96
步进电机驱动,2024-07,978572.35
步进电机驱动,2024-08,1393474.63
步进电机驱动,2024-09,1908853.02
步进电机驱动,2024-10,1847044.75
步进电机驱动,2024-11,1279292.8699999999
步进电机驱动,2024-12,1768387.18
步进电机驱动,2025-01,1509206.97
步进电机驱动,2025-02,526676.27
步进电机驱动,2025-03,2019931.77
步进电机驱动,2025-04,1338555.37
步进电机驱动,2025-05,1936306.27
步进电机驱动,2025-06,1865890.19
步进电机驱动,2025-07,2166735.09
步进电机驱动,2025-08,2661148.46
步进电机驱动,2025-09,2413407.77
步进电机驱动,2025-10,2351693.96
步进电机驱动,2025-11,2260437.42
步进电机驱动,2025-12,1380250.99
步进电机驱动,2026-01,2557290.91
步进电机驱动,2026-02,996062.98
步进电机驱动,2026-03,2419960.5
步进电机驱动,2026-04,3203245.2
步进电机驱动,2026-05,3674328.03
步进电机驱动,2026-06,3197692.24
步进电机驱动,2026-07,2922018.19
步进电机驱动,2026-08,3002858.42
电机驱动,2022-01,21659.8
电机驱动,2022-03,21724.23
电机驱动,2022-05,540167.68
电机驱动,2022-06,269648.62
电机驱动,2022-09,557358.11
电机驱动,2022-10,261669.87
电机驱动,2022-11,268077.29
电机驱动,2022-12,867115.6599999999
电机驱动,2023-01,402537.57999999996
电机驱动,2023-02,581237.26
电机驱动,2023-03,370830.1
电机驱动,2023-04,185901.52
电机驱动,2023-07,364650.31
电机驱动,2023-08,189040.21000000002
电机驱动,2023-10,361795.04
电机驱动,2023-11,339448.12
电机驱动,2023-12,504199.18999999994
电机驱动,2024-01,674626.79
电机驱动,2024-03,843344.6499999999
电机驱动,2024-05,161843.12
电机驱动,2024-06,838370.78
电机驱动,2024-08,339970.68
电机驱动,2024-09,277550.37
电机驱动,2024-10,282130.02
电机驱动,2024-11,276429.76
电机驱动,2024-12,424612.26
电机驱动,2025-01,276489.22
电机驱动,2025-02,282875.61
电机驱动,2025-03,254561.21
电机驱动,2025-04,11335.31
电机驱动,2025-05,284571.78
电机驱动,2025-06,284673.43
电机驱动,2025-07,419069.2
电机驱动,2025-08,130065.89
电机驱动,2025-09,403024.89
电机驱动,2025-10,391176.85
电机驱动,2025-11,230421.48
电机驱动,2025-12,345277.18
电机驱动,2026-01,574517.84
电机驱动,2026-03,230203.94
电机驱动,2026-04,230479.09999999998
电机驱动,2026-05,230034.84
电机驱动,2026-06,229887.56
电源模组,2023-02,9424.78
电源模组,2023-03,23230.08
电源模组,2023-04,28230.079999999998
电源模组,2023-07,9446.910000000002
电源模组,2023-08,23230.08
电源模组,2023-09,23230.08
电源模组,2023-11,10619.47
电源模组,2023-12,4778.76
电源模组,2024-08,4778.76
电源模组,2025-01,17522.11
电源模组,2025-03,4778.76
电源模组,2025-04,38075.2
电源模组,2025-05,27079.63
电源模组,2025-06,4778.76
电源模组,2025-08,14336.28
电源模组,2025-12,17920.35
电源模组,2026-01,24690.260000000002
电源模组,2026-02,13539.82
电源模组,2026-03,17920.34
电源模组,2026-04,8761.06
电源模组,2026-05,13141.58
电源模组,2026-06,13539.82
电源模组,2026-07,8761.06
电源模组,2026-08,8761.06
电脑&计算电源管理,2024-04,774.34
电脑&计算电源管理,2024-05,774.34
电脑&计算电源管理,2024-06,17035.39
电脑&计算电源管理,2024-07,11464.59
电脑&计算电源管理,2024-08,14002.67
电脑&计算电源管理,2024-09,28101.28
电脑&计算电源管理,2024-10,66666.57
电脑&计算电源管理,2024-11,38378.2
电脑&计算电源管理,2024-12,28420.87
电脑&计算电源管理,2025-01,50480.55
电脑&计算电源管理,2025-02,146420.97
电脑&计算电源管理,2025-03,138254.71
电脑&计算电源管理,2025-04,153429.41
电脑&计算电源管理,2025-05,92513.84
电脑&计算电源管理,2025-06,144011.97
电脑&计算电源管理,2025-07,217445.81
电脑&计算电源管理,2025-08,237863.43
电脑&计算电源管理,2025-09,250348.61
电脑&计算电源管理,2025-10,273804.89
电脑&计算电源管理,2025-11,141467.0
电脑&计算电源管理,2025-12,269052.74
电脑&计算电源管理,2026-01,432786.42
电脑&计算电源管理,2026-02,248032.01
电脑&计算电源管理,2026-03,230691.89
电脑&计算电源管理,2026-04,330043.32
电脑&计算电源管理,2026-05,116386.81
电脑&计算电源管理,2026-06,291630.46
电脑&计算电源管理,2026-07,443487.54
电脑&计算电源管理,2026-08,253316.37
硬件锂电保护,2020-10,3828.98
硬件锂电保护,2020-12,3993139.32
硬件锂电保护,2021-01,1838379.93
硬件锂电保护,2021-02,1482058.38
硬件锂电保护,2021-03,2922957.42
硬件锂电保护,2021-04,3579649.98
硬件锂电保护,2021-05,4319279.96
硬件锂电保护,2021-06,3909172.62
硬件锂电保护,2021-07,4554158.03
硬件锂电保护,2021-08,4354996.79
硬件锂电保护,2021-09,2237119.46
硬件锂电保护,2021-10,1013949.91
硬件锂电保护,2021-11,1036845.83
硬件锂电保护,2021-12,1085732.95
硬件锂电保护,2022-01,1059269.35
硬件锂电保护,2022-02,629214.08
硬件锂电保护,2022-03,1550276.05
硬件锂电保护,2022-04,2384629.18
硬件锂电保护,2022-05,1054126.04
硬件锂电保护,2022-06,910437.58
硬件锂电保护,2022-07,947785.53
硬件锂电保护,2022-08,1175129.51
硬件锂电保护,2022-09,2355061.11
硬件锂电保护,2022-10,970156.5499999999
硬件锂电保护,2022-11,953741.26
硬件锂电保护,2022-12,1070319.63
硬件锂电保护,2023-01,110390.7
硬件锂电保护,2023-02,983493.79
硬件锂电保护,2023-03,1212238.49
硬件锂电保护,2023-04,1250954.62
硬件锂电保护,2023-05,1774930.1300000001
硬件锂电保护,2023-06,1112103.52
硬件锂电保护,2023-07,896844.81
硬件锂电保护,2023-08,794234.8
硬件锂电保护,2023-09,1256287.15
硬件锂电保护,2023-10,783243.26
硬件锂电保护,2023-11,914457.07
硬件锂电保护,2023-12,1218195.66
硬件锂电保护,2024-01,1071068.32
硬件锂电保护,2024-02,196300.81
硬件锂电保护,2024-03,1317341.34
硬件锂电保护,2024-04,1578517.58
硬件锂电保护,2024-05,940918.42
硬件锂电保护,2024-06,1342896.31
硬件锂电保护,2024-07,932205.4299999999
硬件锂电保护,2024-08,1001243.94
硬件锂电保护,2024-09,1269207.99
硬件锂电保护,2024-10,1305306.19
硬件锂电保护,2024-11,1309230.81
硬件锂电保护,2024-12,1456991.73
硬件锂电保护,2025-01,689470.98
硬件锂电保护,2025-02,762582.24
硬件锂电保护,2025-03,1300268.22
硬件锂电保护,2025-04,1192048.27
硬件锂电保护,2025-05,952665.58
硬件锂电保护,2025-06,1220428.66
硬件锂电保护,2025-07,1013552.22
硬件锂电保护,2025-08,797138.84
硬件锂电保护,2025-09,1350991.41
硬件锂电保护,2025-10,1281443.4
硬件锂电保护,2025-11,1127795.3
硬件锂电保护,2025-12,1678886.97
硬件锂电保护,2026-01,640322.83
硬件锂电保护,2026-02,658030.18
硬件锂电保护,2026-03,1642352.2
硬件锂电保护,2026-04,1086446.27
硬件锂电保护,2026-05,1052616.95
硬件锂电保护,2026-06,1337324.84
硬件锂电保护,2026-07,988588.27
硬件锂电保护,2026-08,1088343.95
磁传感,2022-10,11044.18
磁传感,2022-11,13564.060000000001
磁传感,2022-12,19930.15
磁传感,2023-02,104995.33
磁传感,2023-03,53999.799999999996
磁传感,2023-04,9398.17
磁传感,2023-05,22720.32
磁传感,2023-06,112117.77
磁传感,2023-07,79346.33
磁传感,2023-08,133411.33000000002
磁传感,2023-09,77486.39
磁传感,2023-10,69100.61
磁传感,2023-11,50787.520000000004
磁传感,2023-12,78858.14
磁传感,2024-01,117191.81999999999
磁传感,2024-02,28077.829999999998
磁传感,2024-03,176663.85
磁传感,2024-04,148072.55000000002
磁传感,2024-05,160287.47
磁传感,2024-06,49966.82
磁传感,2024-07,81019.88
磁传感,2024-08,134975.28
磁传感,2024-09,227211.68
磁传感,2024-10,132849.1
磁传感,2024-11,228808.98
磁传感,2024-12,274992.05
磁传感,2025-01,108117.19
磁传感,2025-02,131595.38
磁传感,2025-03,160739.72
磁传感,2025-04,172556.71
磁传感,2025-05,208058.23
磁传感,2025-06,191915.25
磁传感,2025-07,182935.49
磁传感,2025-08,198896.37
磁传感,2025-09,290068.75
磁传感,2025-10,345915.5
磁传感,2025-11,174956.93
磁传感,2025-12,217646.72
磁传感,2026-01,284095.9
磁传感,2026-02,180251.36
磁传感,2026-03,289878.94
磁传感,2026-04,371771.62
磁传感,2026-05,415721.1
磁传感,2026-06,381856.13
磁传感,2026-07,329723.04
磁传感,2026-08,290440.97
车规有刷H桥栅驱,2026-07,106470.0
车规有刷H桥栅驱,2026-08,35490.0
车规电机驱动,2022-05,464664.48000000004
车规电机驱动,2022-06,1233803.32
车规电机驱动,2022-07,2994505.57
车规电机驱动,2022-08,6133007.95
车规电机驱动,2022-09,1920962.09
车规电机驱动,2022-10,1413218.8
车规电机驱动,2022-11,1413218.79
车规电机驱动,2022-12,5741218.82
车规电机驱动,2023-01,1747577.15
车规电机驱动,2023-02,516017.6
车规电机驱动,2023-03,31716.809999999998
车规电机驱动,2023-04,511386.17
车规电机驱动,2023-05,2361670.78
车规电机驱动,2023-06,1067534.49
车规电机驱动,2023-07,-1550846.61
车规电机驱动,2023-08,685208.42
车规电机驱动,2023-09,598543.84
车规电机驱动,2023-10,568863.81
车规电机驱动,2023-11,465243.67
车规电机驱动,2023-12,313299.81
车规电机驱动,2024-01,935395.45
车规电机驱动,2024-02,165629.72
车规电机驱动,2024-03,1200261.32
车规电机驱动,2024-04,1003394.17
车规电机驱动,2024-05,1078795.01
车规电机驱动,2024-06,551868.6
车规电机驱动,2024-07,833614.98
车规电机驱动,2024-08,998868.4299999999
车规电机驱动,2024-09,1750297.03
车规电机驱动,2024-10,2009649.8299999998
车规电机驱动,2024-11,1507439.04
车规电机驱动,2024-12,1017162.49
车规电机驱动,2025-01,1085338.91
车规电机驱动,2025-02,896856.84
车规电机驱动,2025-03,656308.62
车规电机驱动,2025-04,1056892.99
车规电机驱动,2025-05,745088.96
车规电机驱动,2025-06,788317.36
车规电机驱动,2025-07,776069.48
车规电机驱动,2025-08,752187.7
车规电机驱动,2025-09,1639130.1
车规电机驱动,2025-10,1161629.47
车规电机驱动,2025-11,918294.05
车规电机驱动,2025-12,1288949.07
车规电机驱动,2026-01,966622.43
车规电机驱动,2026-02,900929.14
车规电机驱动,2026-03,1642617.99
车规电机驱动,2026-04,2371308.74
车规电机驱动,2026-05,2602705.7
车规电机驱动,2026-06,2646624.53
车规电机驱动,2026-07,1961368.34
车规电机驱动,2026-08,2269555.54
车规电源管理,2023-11,669.03
车规电源管理,2023-12,3679.6499999999996
车规电源管理,2024-01,16312.88
车规电源管理,2024-02,7680.91
车规电源管理,2024-03,4021.9700000000003
车规电源管理,2024-04,5700.0
车规电源管理,2024-05,4102.0599999999995
车规电源管理,2024-06,32266.379999999997
车规电源管理,2024-08,23775.29
车规电源管理,2024-09,84022.98999999999
车规电源管理,2024-10,68406.2
车规电源管理,2024-11,29770.8
车规电源管理,2024-12,41437.17
车规电源管理,2025-01,96267.23999999999
车规电源管理,2025-02,187106.44999999998
车规电源管理,2025-03,276184.31
车规电源管理,2025-04,134727.01
车规电源管理,2025-05,87194.12
车规电源管理,2025-06,36416.71
车规电源管理,2025-07,191577.27
车规电源管理,2025-08,304371.48
车规电源管理,2025-09,280484.66
车规电源管理,2025-10,242025.29
车规电源管理,2025-11,331423.85
车规电源管理,2025-12,121631.79999999999
车规电源管理,2026-01,265673.38
车规电源管理,2026-02,24566.340000000004
车规电源管理,2026-03,108871.7
车规电源管理,2026-04,236696.13999999998
车规电源管理,2026-05,238280.97
车规电源管理,2026-06,354867.24
车规电源管理,2026-07,297505.54
车规电源管理,2026-08,416475.24
通用电源管理,2020-01,7338558.39
通用电源管理,2020-02,8190441.63
通用电源管理,2020-03,17090273.2
通用电源管理,2020-04,6586395.28
通用电源管理,2020-05,9084752.71
通用电源管理,2020-06,9021567.98
通用电源管理,2020-07,15302044.6
通用电源管理,2020-08,15197302.82
通用电源管理,2020-09,22277384.91
通用电源管理,2020-10,18316199.41
通用电源管理,2020-11,25845992.84
通用电源管理,2020-12,24142787.43
通用电源管理,2021-01,32765126.03
通用电源管理,2021-02,13996939.53
通用电源管理,2021-03,23605511.74
通用电源管理,2021-04,27041036.76
通用电源管理,2021-05,26315381.21
通用电源管理,2021-06,24839902.75
通用电源管理,2021-07,23860940.96
通用电源管理,2021-08,25704886.55
通用电源管理,2021-09,27310541.04
通用电源管理,2021-10,25019556.34
通用电源管理,2021-11,29383934.79
通用电源管理,2021-12,27880200.95
通用电源管理,2022-01,33360268.65
通用电源管理,2022-02,21760739.52
通用电源管理,2022-03,41936793.27
通用电源管理,2022-04,50853343.72
通用电源管理,2022-05,41177577.21
通用电源管理,2022-06,33776580.78
通用电源管理,2022-07,28158490.71
通用电源管理,2022-08,32845300.58
通用电源管理,2022-09,32676130.96
通用电源管理,2022-10,28531339.43
通用电源管理,2022-11,36279766.9
通用电源管理,2022-12,39906671.52
通用电源管理,2023-01,23603364.18
通用电源管理,2023-02,31461341.0
通用电源管理,2023-03,62666748.15
通用电源管理,2023-04,19162935.36
通用电源管理,2023-05,25218490.05
通用电源管理,2023-06,25536835.88
通用电源管理,2023-07,25269848.15
通用电源管理,2023-08,34396261.29
通用电源管理,2023-09,42955725.05
通用电源管理,2023-10,35022479.07
通用电源管理,2023-11,37848358.17
通用电源管理,2023-12,38781426.78
通用电源管理,2024-01,48658347.51
通用电源管理,2024-02,18794370.98
通用电源管理,2024-03,40179282.29
通用电源管理,2024-04,40393337.81
通用电源管理,2024-05,36023678.18
通用电源管理,2024-06,32856250.76
通用电源管理,2024-07,37430048.8
通用电源管理,2024-08,38778498.91
通用电源管理,2024-09,44024847.5
通用电源管理,2024-10,34897407.59
通用电源管理,2024-11,34037897.15
通用电源管理,2024-12,37840493.54
通用电源管理,2025-01,34967584.85
通用电源管理,2025-02,27382499.61
通用电源管理,2025-03,34894076.39
通用电源管理,2025-04,36977225.6
通用电源管理,2025-05,34666599.37
通用电源管理,2025-06,34733780.9
通用电源管理,2025-07,35102850.35
通用电源管理,2025-08,37134679.65
通用电源管理,2025-09,40582937.76
通用电源管理,2025-10,33303363.77
通用电源管理,2025-11,39292568.53
通用电源管理,2025-12,43051889.72
通用电源管理,2026-01,57660111.48
通用电源管理,2026-02,35372182.93
通用电源管理,2026-03,39166348.46
通用电源管理,2026-04,53186980.53
通用电源管理,2026-05,38636319.05
通用电源管理,2026-06,43817703.02
通用电源管理,2026-07,48764981.56
通用电源管理,2026-08,41371148.49
音频功放,2020-08,4106.19
音频功放,2020-09,690.27
音频功放,2020-11,1770.12
音频功放,2020-12,8747.03
音频功放,2021-04,8552.15
音频功放,2021-05,11847.23
音频功放,2021-07,65816.81
音频功放,2021-08,43832.13
音频功放,2021-09,23615.96
音频功放,2021-10,43982.4
音频功放,2021-11,229807.34
音频功放,2021-12,94683.45999999999
音频功放,2022-02,61280.95
音频功放,2022-03,172139.69
音频功放,2022-04,21532.09
音频功放,2022-06,22081.92
音频功放,2022-08,26339.12
音频功放,2022-11,2018.27
音频功放,2023-01,4911.48
音频功放,2023-04,2912.42
音频功放,2023-05,54731.71
音频功放,2023-06,57256.0
音频功放,2023-07,1612.4299999999998
音频功放,2023-08,690.27
音频功放,2023-09,26405.28
音频功放,2023-10,1982.3
音频功放,2023-11,8654.85
音频功放,2023-12,6088.47
音频功放,2024-01,10460.16
音频功放,2024-02,11381.009999999998
音频功放,2024-03,16162.79
音频功放,2024-04,35824.26
音频功放,2024-05,41069.43
音频功放,2024-06,287326.71
音频功放,2024-07,26300.51
音频功放,2024-08,44423.75
音频功放,2024-09,74250.49
音频功放,2024-10,165709.67
音频功放,2024-11,160905.99
音频功放,2024-12,224792.4
音频功放,2025-01,79109.33
音频功放,2025-02,56942.99
音频功放,2025-03,184965.77
音频功放,2025-04,228718.38
音频功放,2025-05,123123.39
音频功放,2025-06,244095.12
音频功放,2025-07,242885.81
音频功放,2025-08,297367.26
音频功放,2025-09,327479.84
音频功放,2025-10,368022.13
音频功放,2025-11,404978.2
音频功放,2025-12,658221.61
音频功放,2026-01,838743.58
音频功放,2026-02,631349.33
音频功放,2026-03,573420.12
音频功放,2026-04,747422.33
音频功放,2026-05,582203.27
音频功放,2026-06,344909.11
音频功放,2026-07,457557.83
音频功放,2026-08,529425.55
