月,实际,combo,combo_volxasp,ma6,mix_wd3
2025-01,52217317.8,50013833.04290323,50013833.04290323,54691860.29333333,50013833.04290323
2025-02,41866714.43,50063849.52548387,50063849.52548387,55034876.885,50063849.52548387
2025-03,55356569.65,53062791.321666665,53215120.25973662,53062791.321666665,53062791.321666665
2025-04,59116009.66,52107272.67,52213857.6707776,52107272.67,52107272.67
2025-05,56544923.72,53284256.59333333,53445445.80757627,53284256.59333333,53284256.59333333
2025-06,55783672.58,53918808.43333334,54080448.76033057,53918808.43333334,53918808.43333334
2025-07,55054620.26,53480867.97333333,53655102.135465525,53480867.97333333,53480867.97333333
2025-08,58235340.71,53953751.71666667,54140858.52655327,53953751.71666667,53953751.71666667
2025-09,61484772.31,56681856.09666666,56746206.84325081,56681856.09666666,56681856.09666666
2025-10,53305129.91,57703223.206666656,57882722.52500696,57703223.206666656,57703223.206666656
2025-11,58752521.67,56734743.24833334,56903267.7145478,56734743.24833334,56734743.24833334
2025-12,67044884.36,57102676.24000001,57324736.475355335,57102676.24000001,57102676.24000001
2026-01,86153483.12,72576402.91270123,72576402.91270123,58979544.870000005,61658250.07770492
2026-02,52571827.87,52987722.2875,52987722.2875,64162688.68000001,52987722.2875
2026-03,63747816.0,63218769.873333335,63519253.88595771,63218769.873333335,63218769.873333335
2026-04,85359598.84,63595943.821666665,63881564.07617907,63595943.821666665,63595943.821666665
2026-05,69279012.46,68938355.31,68976772.87510498,68938355.31,68938355.31
2026-06,73694545.62,70692770.44166668,71068944.5204634,70692770.44166668,70692770.44166668
2026-07,77596625.91,71801047.31833333,72190135.79450619,71801047.31833333,71801047.31833333
2026-08,69025584.92,70374904.45,70592866.8278708,70374904.45,70374904.45
