月,产品线,实际,raw,scaled
2025-01,POE电源管理,1313692.78,1150592.9016666666,1052177.8007854808
2025-01,dTOF模组,48938.04,30813.868333333332,28178.227216330226
2025-01,充电与控制电源管理,1657028.14,2431985.1816666666,2223967.1531801554
2025-01,新显示MLED驱动,344803.56,308581.5966666666,282187.3012368609
2025-01,无刷直流电机驱动,92414.73999999999,131897.8633333333,120616.07851860007
2025-01,有刷直流电机驱动,9880853.19,8072623.141666666,7382137.37583923
2025-01,步进电机驱动,1509206.97,1529270.8,1398465.769099285
2025-01,电机驱动,276489.22,266782.1816666667,243963.16784866367
2025-01,电源模组,17522.11,796.46,728.3353912575958
2025-01,电脑&计算电源管理,50480.55,31172.36333333333,28506.058615382146
2025-01,硬件锂电保护,689470.98,1212364.3483333334,1108665.673091076
2025-01,磁传感,108117.19,179976.16166666665,164582.03566347584
2025-01,车规有刷H桥栅驱,0.0,0.0,0.0
2025-01,车规电机驱动,1085338.91,1352838.6333333333,1237124.5954815364
2025-01,车规电源管理,96267.23999999999,41235.408333333326,37708.36860875003
2025-01,通用电源管理,34967584.85,37834865.58166667,34598688.73088634
2025-01,音频功放,79109.33,116063.80166666668,106136.3714407951
2025-02,POE电源管理,722860.49,1265352.0633333332,1151059.0898177589
2025-02,dTOF模组,23716.81,22431.861666666668,20405.702903690064
2025-02,充电与控制电源管理,1958474.05,2274211.3366666664,2068793.1107021593
2025-02,新显示MLED驱动,743183.99,366048.85666666663,332985.4796882482
2025-02,无刷直流电机驱动,21571.32,142355.63166666665,129497.3537918037
2025-02,有刷直流电机驱动,8023351.41,8634717.926666668,7854786.699694787
2025-02,步进电机驱动,526676.27,1617709.9033333333,1471590.1944433877
2025-02,电机驱动,282875.61,312863.7183333333,284604.29100900615
2025-02,电源模组,0.0,3716.811666666667,3381.0905107208346
2025-02,电脑&计算电源管理,146420.97,37675.02333333334,34272.02540982106
2025-02,硬件锂电保护,762582.24,1171908.6066666667,1066055.9169483723
2025-02,磁传感,131595.38,184492.37999999998,167828.09872035543
2025-02,车规有刷H桥栅驱,0.0,0.0,0.0
2025-02,车规电机驱动,896856.84,1394792.6216666668,1268807.9247690162
2025-02,车规电源管理,187106.44999999998,57279.94833333333,52106.134809380885
2025-02,通用电源管理,27382499.61,37424454.92333333,34044089.601037614
2025-02,音频功放,56942.99,124865.27166666667,113586.81122774468
2025-03,POE电源管理,1704299.35,1131440.7633333334,1134688.8240869192
2025-03,dTOF模组,21238.93,26384.663333333334,26460.406573498287
2025-03,充电与控制电源管理,2243126.79,2311375.476666667,2318010.811202824
2025-03,新显示MLED驱动,758758.47,463683.68500000006,465014.79558761005
2025-03,无刷直流电机驱动,0.0,104102.03833333333,104400.88716045409
2025-03,有刷直流电机驱动,10739076.63,8756121.483333332,8781257.942497006
2025-03,步进电机驱动,2019931.77,1473243.5099999998,1477472.7940954468
2025-03,电机驱动,254561.21,303347.87333333335,304218.70312309184
2025-03,电源模组,4778.76,2920.351666666667,2928.7352073190505
2025-03,电脑&计算电源管理,138254.71,59744.73999999999,59916.25100748348
2025-03,硬件锂电保护,1300268.22,1132131.6566666665,1135381.7007883557
2025-03,磁传感,160739.72,183929.06333333332,184457.0739826021
2025-03,车规有刷H桥栅驱,0.0,0.0,0.0
2025-03,车规电机驱动,656308.62,1377790.6900000002,1381745.9548374282
2025-03,车规电源管理,276184.31,84501.80833333333,84744.39019545921
2025-03,通用电源管理,34894076.39,35525121.70666667,35627104.73337135
2025-03,音频功放,184965.77,126951.81166666666,127316.25601977296
2025-04,POE电源管理,1737893.52,1262161.82,1264743.5616969436
2025-04,dTOF模组,37964.58,26620.649999999998,26675.102322210743
2025-04,充电与控制电源管理,2587718.66,2323536.5933333337,2328289.3684627404
2025-04,新显示MLED驱动,843126.57,555653.2966666667,556789.8809479505
2025-04,无刷直流电机驱动,102424.67,59907.04666666666,60029.58604146734
2025-04,有刷直流电机驱动,12494470.95,9235422.196666667,9254313.177360421
2025-04,步进电机驱动,1338555.37,1491756.6349999998,1494808.011016327
2025-04,电机驱动,11335.31,299516.3466666667,300129.0049081476
2025-04,电源模组,38075.2,3716.811666666667,3724.4143745821384
2025-04,电脑&计算电源管理,153429.41,78103.645,78263.40536811174
2025-04,硬件锂电保护,1192048.27,1137308.3616666666,1139634.716634049
2025-04,磁传感,172556.71,172850.40333333335,173203.967421985
2025-04,车规有刷H桥栅驱,0.0,0.0,0.0
2025-04,车规电机驱动,1056892.99,1195459.2883333333,1197904.5905463956
2025-04,车规电源管理,134727.01,116528.69499999999,116767.0534941366
2025-04,通用电源管理,36977225.6,34003326.52166667,34072880.048421085
2025-04,音频功放,228718.38,145404.35833333334,145701.7817610413
2025-05,POE电源管理,2176876.46,1735261.5727272728,1627333.377141887
2025-05,dTOF模组,0.0,30101.47333333334,28229.24971449171
2025-05,充电与控制电源管理,2160773.54,2254989.31,2114735.5689400146
2025-05,新显示MLED驱动,1064911.91,820787.5306060605,769736.9463428087
2025-05,无刷直流电机驱动,10221.23,41331.996666666666,38761.267336699755
2025-05,有刷直流电机驱动,12008939.41,11427616.87409091,10716852.52106989
2025-05,步进电机驱动,1936306.27,1699455.06,1593753.9248011278
2025-05,电机驱动,284571.78,176158.01333333325,165201.5000238778
2025-05,电源模组,27079.63,14284.653333333334,13396.189667070992
2025-05,电脑&计算电源管理,92513.84,192633.91733333326,180652.65097378677
2025-05,硬件锂电保护,952665.58,1125197.5441666667,1055213.5472133139
2025-05,磁传感,208058.23,155260.02166666667,145603.30232913492
2025-05,车规有刷H桥栅驱,0.0,0.0,0.0
2025-05,车规电机驱动,745088.96,1120257.7308333332,1050580.9758243505
2025-05,车规电源管理,87194.12,198277.033939394,185944.78222850774
2025-05,通用电源管理,34666599.37,35842542.406666666,33613241.07945276
2025-05,音频功放,123123.39,155905.81,146208.9245165441
2025-06,POE电源管理,2867697.15,1956086.597878788,1815593.1669328955
2025-06,dTOF模组,2270.4,29336.275000000005,27229.234375933727
2025-06,充电与控制电源管理,2645550.73,2286865.8266666667,2122614.598500324
2025-06,新显示MLED驱动,1360523.29,1004437.495909091,932295.0508230716
2025-06,无刷直流电机驱动,66238.86,37548.63333333333,34851.75052147319
2025-06,有刷直流电机驱动,9327083.8,12296036.776818179,11412889.580939734
2025-06,步进电机驱动,1865890.19,1939391.96,1800097.6001773053
2025-06,电机驱动,284673.43,255740.89833333335,237372.63371815853
2025-06,电源模组,4778.76,34759.567999999985,32263.00625686817
2025-06,电脑&计算电源管理,144011.97,92513.84,85869.15115765829
2025-06,硬件锂电保护,1220428.66,1126176.4741666666,1045290.2818693523
2025-06,磁传感,191915.25,159240.9183333333,147803.6419939905
2025-06,车规有刷H桥栅驱,0.0,0.0,0.0
2025-06,车规电机驱动,788317.36,1092448.8933333333,1013985.1416140171
2025-06,车规电源管理,36416.71,87194.12,80931.51327778629
2025-06,通用电源管理,34733780.9,35729452.505833335,33163230.042162076
2025-06,音频功放,244095.12,138047.44833333333,128132.36600992914
2025-07,POE电源管理,2917463.7600000002,2360743.8983333334,2301016.242052996
2025-07,dTOF模组,30829.2,2270.4,2212.9580763272907
2025-07,充电与控制电源管理,2116427.97,2320381.9166666665,2261675.432809768
2025-07,新显示MLED驱动,1539147.0,1465366.3493333329,1428292.0619870669
2025-07,无刷直流电机驱动,0.0,59628.253333333334,58119.637416882346
2025-07,有刷直流电机驱动,8137631.61,9327083.8,9091105.278273184
2025-07,步进电机驱动,2166735.09,978572.35,953814.1231514604
2025-07,电机驱动,419069.2,232417.75999999998,226537.50840111778
2025-07,电源模组,0.0,8084.435,7879.895932784099
2025-07,电脑&计算电源管理,217445.81,161149.5746969697,157072.4334136571
2025-07,硬件锂电保护,1013552.22,1115970.8366666667,1087736.3794693549
2025-07,磁传感,182935.49,171069.95416666666,166741.82377117002
2025-07,车规有刷H桥栅驱,0.0,0.0,0.0
2025-07,车规电机驱动,776069.48,788317.36,768372.6517446301
2025-07,车规电源管理,191577.27,36416.71,35495.35434626885
2025-07,通用电源管理,35102850.35,35885913.350833334,34977987.040216684
2025-07,音频功放,242885.81,134444.81583333333,131043.3144021803
2025-08,POE电源管理,3643105.14,3511401.0573333316,3420420.7372612893
2025-08,dTOF模组,54690.1,19336.653333333332,18835.64109330034
2025-08,充电与控制电源管理,2364950.09,2279778.313333333,2220709.3100341526
2025-08,新显示MLED驱动,905932.9600000001,1652298.0233333325,1609487.0198157132
2025-08,无刷直流电机驱动,0.0,25486.696666666667,24826.336946300988
2025-08,有刷直流电机驱动,8738607.06,8137631.61,7926785.763451095
2025-08,步进电机驱动,2661148.46,1393474.63,1357369.7346093406
2025-08,电机驱动,130065.89,256181.09,249543.4438912114
2025-08,电源模组,14336.28,8084.435,7874.9674763841695
2025-08,电脑&计算电源管理,237863.43,194602.2290909091,189560.08984211888
2025-08,硬件锂电保护,797138.84,1122749.7358333333,1093659.3161805887
2025-08,磁传感,198896.37,179562.92166666663,174910.4505249307
2025-08,车规有刷H桥栅驱,0.0,0.0,0.0
2025-08,车规电机驱动,752187.7,776069.48,755961.53774684
2025-08,车规电源管理,304371.48,152200.97833333333,148257.45450966601
2025-08,通用电源管理,37134679.65,35691980.14666667,34767201.76768686
2025-08,音频功放,297367.26,180121.91,175454.95548349348
2025-09,POE电源管理,3049535.7199999997,3900245.265999999,3842685.471659869
2025-09,dTOF模组,95504.35,24498.868333333332,24137.314193360282
2025-09,充电与控制电源管理,2963292.78,2332233.3866666667,2297814.301472213
2025-09,新显示MLED驱动,415350.0,1390687.8786666663,1370164.115972773
2025-09,无刷直流电机驱动,136725.49,22079.62,21753.769111239963
2025-09,有刷直流电机驱动,7286490.18,8738607.06,8609642.753683781
2025-09,步进电机驱动,2413407.77,2560115.178,2522333.014807003
2025-09,电机驱动,403024.89,230712.80333333332,227307.94527805492
2025-09,电源模组,0.0,8880.894999999999,8749.830809188084
2025-09,电脑&计算电源管理,250348.61,226036.35469696973,222700.51164033712
2025-09,硬件锂电保护,1350991.41,1105740.9775,1089422.4593254677
2025-09,磁传感,290068.75,184889.67916666667,182161.0784806487
2025-09,车规有刷H桥栅驱,0.0,0.0,0.0
2025-09,车规电机驱动,1639130.1,752187.7,741086.9188018014
2025-09,车规电源管理,280484.66,304371.48,299879.5676721969
2025-09,通用电源管理,40582937.76,35554995.208333336,35030274.81964484
2025-09,音频功放,327479.84,259929.00121212128,256092.9706980328
2025-10,POE电源管理,2774441.52,3832761.6566666653,3931573.5157945026
2025-10,dTOF模组,6991.15,95504.35,97966.53346551268
2025-10,充电与控制电源管理,2661607.26,2398327.7775,2460158.7097940813
2025-10,新显示MLED驱动,608543.44,415350.0,426058.0766729546
2025-10,无刷直流电机驱动,221387.89,45575.16333333333,46750.12985158483
2025-10,有刷直流电机驱动,7313083.39,7286490.18,7474342.10132941
2025-10,步进电机驱动,2351693.96,2848637.2053333316,2922077.4981180686
2025-10,电机驱动,391176.85,277486.5483333334,284640.3878307858
2025-10,电源模组,0.0,0.0,0.0
2025-10,电脑&计算电源管理,273804.89,254447.3321212121,261007.20100668864
2025-10,硬件锂电保护,1281443.4,1305306.19,1338958.095054056
2025-10,磁传感,345915.5,190127.76833333334,195029.42409587358
2025-10,车规有刷H桥栅驱,0.0,0.0,0.0
2025-10,车规电机驱动,1161629.47,1639130.1,1681388.2697068683
2025-10,车规电源管理,242025.29,280484.66,287715.79336912866
2025-10,通用电源管理,33303363.77,35268169.39666667,36177412.83476528
2025-10,音频功放,368022.13,290163.29727272724,297643.9541521631
2025-11,POE电源管理,3936413.86,2774441.52,2874402.022545252
2025-11,dTOF模组,34867.22,30907.83666666667,32021.416774055837
2025-11,充电与控制电源管理,3366729.66,2442458.620833333,2530458.0936729996
2025-11,新显示MLED驱动,404696.44,608543.44,630468.6842859262
2025-11,无刷直流电机驱动,185070.53999999998,119371.12666666666,123671.95540101784
2025-11,有刷直流电机驱动,5942401.19,7313083.39,7576566.864259617
2025-11,步进电机驱动,2260437.42,2475416.73,2564603.6523250826
2025-11,电机驱动,230421.48,286573.78416666674,296898.7664288968
2025-11,电源模组,0.0,0.0,0.0
2025-11,电脑&计算电源管理,141467.0,288755.4342424243,299159.01929241495
2025-11,硬件锂电保护,1127795.3,1309230.81,1356401.1571750694
2025-11,磁传感,174956.93,345915.5,358378.50812935934
2025-11,车规有刷H桥栅驱,0.0,0.0,0.0
2025-11,车规电机驱动,918294.05,1184315.7566666666,1226985.5326757354
2025-11,车规电源管理,331423.85,242025.29,250745.2321731046
2025-11,通用电源管理,39292568.53,35135332.41166666,36401225.190320246
2025-11,音频功放,404978.2,368022.13,381281.6190890236
2025-12,POE电源管理,3907488.56,3830859.7819696963,4006595.833217399
2025-12,dTOF模组,123451.25,33430.839166666665,34964.438410548755
2025-12,充电与控制电源管理,3673147.64,2442178.496666667,2554210.4763977504
2025-12,新显示MLED驱动,401521.95,404696.44,423261.39887798735
2025-12,无刷直流电机驱动,251629.49,181061.30666666664,189367.27474649783
2025-12,有刷直流电机驱动,9646081.55,5942401.19,6215001.64511854
2025-12,步进电机驱动,1380250.99,2341846.3833333333,2449275.7489218884
2025-12,电机驱动,345277.18,282739.7608333333,295710.1048102727
2025-12,电源模组,17920.35,0.0,0.0
2025-12,电脑&计算电源管理,269052.74,141467.0,147956.62723169057
2025-12,硬件锂电保护,1678886.97,1456991.73,1523829.4604060734
2025-12,磁传感,217646.72,203395.63083333336,212726.15897532325
2025-12,车规有刷H桥栅驱,0.0,0.0,0.0
2025-12,车规电机驱动,1288949.07,1239684.54,1296553.5663417603
2025-12,车规电源管理,121631.79999999999,331423.85,346627.51758460794
2025-12,通用电源管理,43051889.72,35573221.69333333,37205100.14003837
2025-12,音频功放,658221.61,404978.2,423556.0842766231
2026-01,POE电源管理,4866673.95,4288815.376212122,5310523.088929278
2026-01,dTOF模组,98584.05,57722.21166666667,71473.14838966742
2026-01,充电与控制电源管理,3328807.74,2533235.6091666664,3136718.420380901
2026-01,新显示MLED驱动,0.0,401521.95,497174.9537211707
2026-01,无刷直流电机驱动,300965.01,322271.04866666655,399044.4201282722
2026-01,有刷直流电机驱动,13313420.35,9646081.55,11944029.830030186
2026-01,步进电机驱动,2557290.91,1997460.79,2473308.0615595314
2026-01,电机驱动,574517.84,276128.5041666667,341909.5177241459
2026-01,电源模组,24690.260000000002,17522.11,21696.3337330556
2026-01,电脑&计算电源管理,432786.42,274045.06,339329.7428023934
2026-01,硬件锂电保护,640322.83,689470.98,853720.9549156409
2026-01,磁传感,284095.9,198616.85333333336,245932.569475329
2026-01,车规有刷H桥栅驱,0.0,0.0,0.0
2026-01,车规电机驱动,966622.43,1122957.53,1390475.3102752918
2026-01,车规电源管理,265673.38,121631.79999999999,150607.66798931587
2026-01,通用电源管理,57660111.48,36007504.708333336,44585431.7229244
2026-01,音频功放,838743.58,658221.61,815027.1697226627
2026-02,POE电源管理,3004545.39,4791894.4806060605,3138006.8261930225
2026-02,dTOF模组,49646.0,69014.68666666666,45194.7676945052
2026-02,充电与控制电源管理,2108327.85,3059755.861666667,2003703.299238707
2026-02,新显示MLED驱动,0.0,0.0,0.0
2026-02,无刷直流电机驱动,0.0,363951.70666666655,238336.41257061943
2026-02,有刷直流电机驱动,8384364.54,13313420.35,8718389.794967527
2026-02,步进电机驱动,996062.98,2065993.1066666667,1352930.557596037
2026-02,电机驱动,0.0,345747.355,226415.1609596714
2026-02,电源模组,13539.82,0.0,0.0
2026-02,电脑&计算电源管理,248032.01,332874.5622727273,217985.31935655652
2026-02,硬件锂电保护,658030.18,761352.722818636,498577.34785582253
2026-02,磁传感,180251.36,213281.74583333332,139669.09685430245
2026-02,车规有刷H桥栅驱,0.0,0.0,0.0
2026-02,车规电机驱动,900929.14,1057955.1833333333,692809.618521985
2026-02,车规电源管理,24566.340000000004,261021.7115151515,170931.95933970902
2026-02,通用电源管理,35372182.93,53439913.797333285,34995514.81483982
2026-02,音频功放,631349.33,838743.58,549257.3115117281
2026-03,POE电源管理,3662912.14,4387436.859393939,4655106.396001067
2026-03,dTOF模组,69366.34999999999,68174.00333333334,72333.17518370769
2026-03,充电与控制电源管理,2395475.23,2685038.3925,2848847.6974143274
2026-03,新显示MLED驱动,265555.97,0.0,0.0
2026-03,无刷直流电机驱动,180875.88,184198.16666666666,195435.76153027907
2026-03,有刷直流电机驱动,10850762.58,8384364.54,8895879.359036516
2026-03,步进电机驱动,2419960.5,1644534.9600000002,1744865.0444626235
2026-03,电机驱动,230203.94,277391.255,294314.3905491179
2026-03,电源模组,17920.34,4778.76,5070.303449113789
2026-03,电脑&计算电源管理,230691.89,333092.71984848497,353414.10037801985
2026-03,硬件锂电保护,1642352.2,1235531.074994565,1310908.5769179054
2026-03,磁传感,289878.94,217336.4108333333,230595.70965402346
2026-03,车规有刷H桥栅驱,0.0,0.0,0.0
2026-03,车规电机驱动,1642617.99,1052166.8800000001,1116357.666153415
2026-03,车规电源管理,108871.7,197135.35984848486,209162.22931933403
2026-03,通用电源管理,39166348.46,38564355.5375,40917096.67249175
2026-03,音频功放,573420.12,631349.33,669866.8034165095
2026-04,POE电源管理,3075145.09,4306905.872121214,4350410.095912733
2026-04,dTOF模组,73805.27,63817.66999999999,64462.294767749074
2026-04,充电与控制电源管理,3902232.5,2697734.0958333337,2724984.0129013704
2026-04,新显示MLED驱动,0.0,265555.97,268238.36118547624
2026-04,无刷直流电机驱动,363034.87,160613.63,162235.99452593908
2026-04,有刷直流电机驱动,16171625.03,10850762.58,10960366.555012453
2026-04,步进电机驱动,3203245.2,1991104.7966666669,2011217.0236896111
2026-04,电机驱动,230479.09999999998,275361.4825,278142.91954876104
2026-04,电源模组,8761.06,38075.2,38459.79907666638
2026-04,电脑&计算电源管理,330043.32,321179.91681818175,324424.1676547383
2026-04,硬件锂电保护,1086446.27,1192048.27,1204089.195956627
2026-04,磁传感,371771.62,228098.01249999998,230402.03939931863
2026-04,车规有刷H桥栅驱,0.0,0.0,0.0
2026-04,车规电机驱动,2371308.74,1170056.52,1181875.3064342008
2026-04,车规电源管理,236696.13999999998,187634.28530303028,189529.58651953083
2026-04,通用电源管理,53186980.53,38920378.21,39313514.46465059
2026-04,音频功放,747422.33,573420.12,579212.2589432998
2026-05,POE电源管理,4652545.17,3948550.7168181823,3907826.491931238
2026-05,dTOF模组,75619.45,74953.35666666667,74180.30914319852
2026-05,充电与控制电源管理,3853398.69,2807276.915833334,2778323.4631264005
2026-05,新显示MLED驱动,251571.52,0.0,0.0
2026-05,无刷直流电机驱动,412034.91,181303.58333333334,179433.66993218925
2026-05,有刷直流电机驱动,12470777.0,15701219.854666663,15539281.955366727
2026-05,步进电机驱动,3674328.03,2206422.893333333,2183666.4774866058
2026-05,电机驱动,230034.84,293623.46499999997,290595.1164036878
2026-05,电源模组,13141.58,10752.208333333334,10641.313126053132
2026-05,电脑&计算电源管理,116386.81,341401.4428787879,337880.32585797715
2026-05,硬件锂电保护,1052616.95,952665.58,942840.0591685912
2026-05,磁传感,415721.1,244699.255,242175.49673906577
2026-05,车规有刷H桥栅驱,0.0,0.0,0.0
2026-05,车规电机驱动,2602705.7,1638285.29,1621388.4832058619
2026-05,车规电源管理,238280.97,198340.38212121208,196294.75604092318
2026-05,通用电源管理,38636319.05,40271191.12083333,39855845.551968135
2026-05,音频功放,582203.27,824907.2636363639,816399.4056083248
2026-06,POE电源管理,4905017.81,4148329.0192424227,4232413.737381553
2026-06,dTOF模组,18362.829999999998,81745.395,83402.33649761588
2026-06,充电与控制电源管理,4275025.6899999995,2948329.0116666667,3008090.2824765425
2026-06,新显示MLED驱动,0.0,104688.62199999994,106810.61213926125
2026-06,无刷直流电机驱动,684645.22,318648.5533333333,325107.4127121798
2026-06,有刷直流电机驱动,11195081.25,13164388.203333333,13431224.287553463
2026-06,步进电机驱动,3197692.24,2827352.276800137,2884661.4049266675
2026-06,电机驱动,229887.56,289078.72000000003,294938.2124796153
2026-06,电源模组,13539.82,9590.704166666666,9785.10332181305
2026-06,电脑&计算电源管理,291630.46,269454.74272727274,274916.4662280794
2026-06,硬件锂电保护,1337324.84,1220428.66,1245166.1867026812
2026-06,磁传感,381856.13,293227.6066666667,299171.1951676775
2026-06,车规有刷H桥栅驱,0.0,0.0,0.0
2026-06,车规电机驱动,2646624.53,2602705.7,2655461.345506531
2026-06,车规电源管理,354867.24,194857.06090909097,198806.72376561927
2026-06,通用电源管理,43817703.02,40602001.09416666,41424984.951534644
2026-06,音频功放,344909.11,582203.27,594004.2620694696
2026-07,POE电源管理,5657696.48,4466272.194545455,4425929.147749733
2026-07,dTOF模组,32345.129999999997,64230.65833333333,63650.474156912926
2026-07,充电与控制电源管理,4905881.38,4275025.6899999995,4236410.139054579
2026-07,新显示MLED驱动,0.0,135103.77399999998,133883.40550490082
2026-07,无刷直流电机驱动,262721.98,657259.1253333332,651322.2199018592
2026-07,有刷直流电机驱动,10457275.32,13279161.093333334,13159212.779826928
2026-07,步进电机驱动,2922018.19,3453419.5769504867,3422225.4487089687
2026-07,电机驱动,0.0,284513.23083333333,281943.2731403093
2026-07,电源模组,8761.06,10320.792500000001,10227.56660675844
2026-07,电脑&计算电源管理,443487.54,265761.30333333346,263360.7284848137
2026-07,硬件锂电保护,988588.27,1013552.22,1004396.9820610078
2026-07,磁传感,329723.04,380415.15924242424,376978.93639199826
2026-07,车规有刷H桥栅驱,106470.0,0.0,0.0
2026-07,车规电机驱动,1961368.34,2646624.53,2622718.038721905
2026-07,车规电源管理,297505.54,212597.27984848488,210676.92622112526
2026-07,通用电源管理,48764981.56,41358994.604166664,40985406.12096188
2026-07,音频功放,457557.83,344909.11,341793.60701252095
2026-08,POE电源管理,4380726.64,4953059.328939395,4915769.189311374
2026-08,dTOF模组,34601.77,53190.83833333334,52790.38001925814
2026-08,充电与控制电源管理,4457968.5200000005,4905881.38,4868946.429394859
2026-08,新显示MLED驱动,0.0,31678.275999999983,31439.779495766114
2026-08,无刷直流电机驱动,248760.58000000002,453134.0366666666,449722.52261538483
2026-08,有刷直流电机驱动,10637711.82,10457275.32,10378545.542924028
2026-08,步进电机驱动,3002858.42,3264679.4866666663,3240100.666625638
2026-08,电机驱动,0.0,249590.7975,247711.70115357338
2026-08,电源模组,8761.06,11050.880833333335,10967.681973412578
2026-08,电脑&计算电源管理,253316.37,321553.8343939394,319132.9493234908
2026-08,硬件锂电保护,1088343.95,797138.84,791137.4140786828
2026-08,磁传感,290440.97,377582.11848484835,374739.41279847024
2026-08,车规有刷H桥栅驱,35490.0,106470.0,105668.41841122351
2026-08,车规电机驱动,2269555.54,1961368.34,1946601.7696031455
2026-08,车规电源管理,416475.24,229654.75409090903,227925.75040297568
2026-08,通用电源管理,41371148.49,42497505.53833333,42177554.20924105
2026-08,音频功放,529425.55,457557.83,454113.01049846417
