月,产品线,选优方法
2025-01,POE电源管理,ma6
2025-01,dTOF模组,ma6
2025-01,充电与控制电源管理,ma6
2025-01,新显示MLED驱动,ma6
2025-01,无刷直流电机驱动,ma6
2025-01,有刷直流电机驱动,ma6
2025-01,步进电机驱动,ma6
2025-01,电机驱动,ma6
2025-01,电源模组,ma6
2025-01,电脑&计算电源管理,ma6
2025-01,硬件锂电保护,ma6
2025-01,磁传感,ma6
2025-01,车规有刷H桥栅驱,ma6
2025-01,车规电机驱动,ma6
2025-01,车规电源管理,ma6
2025-01,通用电源管理,ma6
2025-01,音频功放,ma6
2025-02,POE电源管理,ma6
2025-02,dTOF模组,ma6
2025-02,充电与控制电源管理,ma6
2025-02,新显示MLED驱动,ma6
2025-02,无刷直流电机驱动,ma6
2025-02,有刷直流电机驱动,ma6
2025-02,步进电机驱动,ma6
2025-02,电机驱动,ma6
2025-02,电源模组,ma6
2025-02,电脑&计算电源管理,ma6
2025-02,硬件锂电保护,ma6
2025-02,磁传感,ma6
2025-02,车规有刷H桥栅驱,ma6
2025-02,车规电机驱动,ma6
2025-02,车规电源管理,ma6
2025-02,通用电源管理,ma6
2025-02,音频功放,ma6
2025-03,POE电源管理,ma6
2025-03,dTOF模组,ma6
2025-03,充电与控制电源管理,ma6
2025-03,新显示MLED驱动,ma6
2025-03,无刷直流电机驱动,ma6
2025-03,有刷直流电机驱动,ma6
2025-03,步进电机驱动,ma6
2025-03,电机驱动,ma6
2025-03,电源模组,ma6
2025-03,电脑&计算电源管理,ma6
2025-03,硬件锂电保护,ma6
2025-03,磁传感,ma6
2025-03,车规有刷H桥栅驱,ma6
2025-03,车规电机驱动,ma6
2025-03,车规电源管理,ma6
2025-03,通用电源管理,ma6
2025-03,音频功放,ma6
2025-04,POE电源管理,ma6
2025-04,dTOF模组,ma6
2025-04,充电与控制电源管理,ma6
2025-04,新显示MLED驱动,ma6
2025-04,无刷直流电机驱动,ma6
2025-04,有刷直流电机驱动,ma6
2025-04,步进电机驱动,ma6
2025-04,电机驱动,ma6
2025-04,电源模组,ma6
2025-04,电脑&计算电源管理,ma6
2025-04,硬件锂电保护,ma6
2025-04,磁传感,ma6
2025-04,车规有刷H桥栅驱,ma6
2025-04,车规电机驱动,ma6
2025-04,车规电源管理,ma6
2025-04,通用电源管理,ma6
2025-04,音频功放,ma6
2025-05,POE电源管理,trend12
2025-05,dTOF模组,ma6
2025-05,充电与控制电源管理,ma12
2025-05,新显示MLED驱动,trend12
2025-05,无刷直流电机驱动,ma3
2025-05,有刷直流电机驱动,trend12
2025-05,步进电机驱动,snaive
2025-05,电机驱动,trend12
2025-05,电源模组,ma3
2025-05,电脑&计算电源管理,trend6
2025-05,硬件锂电保护,ma12
2025-05,磁传感,ma12
2025-05,车规有刷H桥栅驱,ma6
2025-05,车规电机驱动,ma12
2025-05,车规电源管理,trend12
2025-05,通用电源管理,ma12
2025-05,音频功放,ma6
2025-06,POE电源管理,trend12
2025-06,dTOF模组,ma6
2025-06,充电与控制电源管理,ma12
2025-06,新显示MLED驱动,trend12
2025-06,无刷直流电机驱动,ma3
2025-06,有刷直流电机驱动,trend12
2025-06,步进电机驱动,snaive
2025-06,电机驱动,ma6
2025-06,电源模组,trend6
2025-06,电脑&计算电源管理,naive
2025-06,硬件锂电保护,ma12
2025-06,磁传感,ma12
2025-06,车规有刷H桥栅驱,ma6
2025-06,车规电机驱动,ma12
2025-06,车规电源管理,naive
2025-06,通用电源管理,ma12
2025-06,音频功放,ma12
2025-07,POE电源管理,trend12
2025-07,dTOF模组,naive
2025-07,充电与控制电源管理,ma12
2025-07,新显示MLED驱动,trend6
2025-07,无刷直流电机驱动,ma3
2025-07,有刷直流电机驱动,naive
2025-07,步进电机驱动,snaive
2025-07,电机驱动,ma6
2025-07,电源模组,ma12
2025-07,电脑&计算电源管理,trend12
2025-07,硬件锂电保护,ma12
2025-07,磁传感,ma12
2025-07,车规有刷H桥栅驱,ma6
2025-07,车规电机驱动,naive
2025-07,车规电源管理,naive
2025-07,通用电源管理,ma12
2025-07,音频功放,ma12
2025-08,POE电源管理,trend6
2025-08,dTOF模组,ma6
2025-08,充电与控制电源管理,ma12
2025-08,新显示MLED驱动,trend6
2025-08,无刷直流电机驱动,ma3
2025-08,有刷直流电机驱动,naive
2025-08,步进电机驱动,snaive
2025-08,电机驱动,ma6
2025-08,电源模组,ma12
2025-08,电脑&计算电源管理,trend12
2025-08,硬件锂电保护,ma12
2025-08,磁传感,ma12
2025-08,车规有刷H桥栅驱,ma6
2025-08,车规电机驱动,naive
2025-08,车规电源管理,ma6
2025-08,通用电源管理,ma12
2025-08,音频功放,ma6
2025-09,POE电源管理,trend6
2025-09,dTOF模组,ma6
2025-09,充电与控制电源管理,ma12
2025-09,新显示MLED驱动,trend6
2025-09,无刷直流电机驱动,ma3
2025-09,有刷直流电机驱动,naive
2025-09,步进电机驱动,trend6
2025-09,电机驱动,ma6
2025-09,电源模组,ma12
2025-09,电脑&计算电源管理,trend12
2025-09,硬件锂电保护,ma12
2025-09,磁传感,ma12
2025-09,车规有刷H桥栅驱,ma6
2025-09,车规电机驱动,naive
2025-09,车规电源管理,naive
2025-09,通用电源管理,ma12
2025-09,音频功放,trend12
2025-10,POE电源管理,trend6
2025-10,dTOF模组,naive
2025-10,充电与控制电源管理,ma12
2025-10,新显示MLED驱动,naive
2025-10,无刷直流电机驱动,ma3
2025-10,有刷直流电机驱动,naive
2025-10,步进电机驱动,trend6
2025-10,电机驱动,ma12
2025-10,电源模组,snaive
2025-10,电脑&计算电源管理,trend12
2025-10,硬件锂电保护,snaive
2025-10,磁传感,ma12
2025-10,车规有刷H桥栅驱,ma6
2025-10,车规电机驱动,naive
2025-10,车规电源管理,naive
2025-10,通用电源管理,ma12
2025-10,音频功放,trend12
2025-11,POE电源管理,naive
2025-11,dTOF模组,ma12
2025-11,充电与控制电源管理,ma12
2025-11,新显示MLED驱动,naive
2025-11,无刷直流电机驱动,ma3
2025-11,有刷直流电机驱动,naive
2025-11,步进电机驱动,ma3
2025-11,电机驱动,ma12
2025-11,电源模组,snaive
2025-11,电脑&计算电源管理,trend12
2025-11,硬件锂电保护,snaive
2025-11,磁传感,naive
2025-11,车规有刷H桥栅驱,ma6
2025-11,车规电机驱动,ma3
2025-11,车规电源管理,naive
2025-11,通用电源管理,ma12
2025-11,音频功放,naive
2025-12,POE电源管理,trend12
2025-12,dTOF模组,ma12
2025-12,充电与控制电源管理,ma12
2025-12,新显示MLED驱动,naive
2025-12,无刷直流电机驱动,ma3
2025-12,有刷直流电机驱动,naive
2025-12,步进电机驱动,ma3
2025-12,电机驱动,ma12
2025-12,电源模组,snaive
2025-12,电脑&计算电源管理,naive
2025-12,硬件锂电保护,snaive
2025-12,磁传感,ma12
2025-12,车规有刷H桥栅驱,ma6
2025-12,车规电机驱动,ma3
2025-12,车规电源管理,naive
2025-12,通用电源管理,ma12
2025-12,音频功放,naive
2026-01,POE电源管理,trend12
2026-01,dTOF模组,ma6
2026-01,充电与控制电源管理,ma12
2026-01,新显示MLED驱动,naive
2026-01,无刷直流电机驱动,trend6
2026-01,有刷直流电机驱动,naive
2026-01,步进电机驱动,ma3
2026-01,电机驱动,ma12
2026-01,电源模组,snaive
2026-01,电脑&计算电源管理,trend12
2026-01,硬件锂电保护,snaive
2026-01,磁传感,ma12
2026-01,车规有刷H桥栅驱,ma6
2026-01,车规电机驱动,ma3
2026-01,车规电源管理,naive
2026-01,通用电源管理,ma12
2026-01,音频功放,naive
2026-02,POE电源管理,trend12
2026-02,dTOF模组,ma6
2026-02,充电与控制电源管理,ma6
2026-02,新显示MLED驱动,naive
2026-02,无刷直流电机驱动,trend6
2026-02,有刷直流电机驱动,naive
2026-02,步进电机驱动,ma3
2026-02,电机驱动,ma6
2026-02,电源模组,snaive
2026-02,电脑&计算电源管理,trend12
2026-02,硬件锂电保护,yoy_adj
2026-02,磁传感,ma12
2026-02,车规有刷H桥栅驱,ma6
2026-02,车规电机驱动,ma3
2026-02,车规电源管理,trend12
2026-02,通用电源管理,trend6
2026-02,音频功放,naive
2026-03,POE电源管理,trend12
2026-03,dTOF模组,ma6
2026-03,充电与控制电源管理,ma12
2026-03,新显示MLED驱动,naive
2026-03,无刷直流电机驱动,ma3
2026-03,有刷直流电机驱动,naive
2026-03,步进电机驱动,ma3
2026-03,电机驱动,ma12
2026-03,电源模组,snaive
2026-03,电脑&计算电源管理,trend12
2026-03,硬件锂电保护,yoy_adj
2026-03,磁传感,ma12
2026-03,车规有刷H桥栅驱,ma6
2026-03,车规电机驱动,ma3
2026-03,车规电源管理,trend12
2026-03,通用电源管理,ma12
2026-03,音频功放,naive
2026-04,POE电源管理,trend12
2026-04,dTOF模组,ma6
2026-04,充电与控制电源管理,ma12
2026-04,新显示MLED驱动,naive
2026-04,无刷直流电机驱动,ma3
2026-04,有刷直流电机驱动,naive
2026-04,步进电机驱动,ma3
2026-04,电机驱动,ma12
2026-04,电源模组,snaive
2026-04,电脑&计算电源管理,trend12
2026-04,硬件锂电保护,snaive
2026-04,磁传感,ma12
2026-04,车规有刷H桥栅驱,ma6
2026-04,车规电机驱动,ma3
2026-04,车规电源管理,trend12
2026-04,通用电源管理,ma12
2026-04,音频功放,naive
2026-05,POE电源管理,trend12
2026-05,dTOF模组,ma6
2026-05,充电与控制电源管理,ma12
2026-05,新显示MLED驱动,trend6
2026-05,无刷直流电机驱动,ma3
2026-05,有刷直流电机驱动,trend6
2026-05,步进电机驱动,ma3
2026-05,电机驱动,ma12
2026-05,电源模组,ma12
2026-05,电脑&计算电源管理,trend12
2026-05,硬件锂电保护,snaive
2026-05,磁传感,ma12
2026-05,车规有刷H桥栅驱,ma6
2026-05,车规电机驱动,ma3
2026-05,车规电源管理,trend12
2026-05,通用电源管理,ma12
2026-05,音频功放,trend12
2026-06,POE电源管理,trend12
2026-06,dTOF模组,ma6
2026-06,充电与控制电源管理,ma12
2026-06,新显示MLED驱动,trend6
2026-06,无刷直流电机驱动,ma3
2026-06,有刷直流电机驱动,ma3
2026-06,步进电机驱动,yoy_adj
2026-06,电机驱动,ma12
2026-06,电源模组,ma12
2026-06,电脑&计算电源管理,trend12
2026-06,硬件锂电保护,snaive
2026-06,磁传感,ma6
2026-06,车规有刷H桥栅驱,ma6
2026-06,车规电机驱动,naive
2026-06,车规电源管理,trend12
2026-06,通用电源管理,ma12
2026-06,音频功放,naive
2026-07,POE电源管理,trend12
2026-07,dTOF模组,ma6
2026-07,充电与控制电源管理,naive
2026-07,新显示MLED驱动,trend6
2026-07,无刷直流电机驱动,trend6
2026-07,有刷直流电机驱动,ma3
2026-07,步进电机驱动,yoy_adj
2026-07,电机驱动,ma12
2026-07,电源模组,ma12
2026-07,电脑&计算电源管理,trend12
2026-07,硬件锂电保护,snaive
2026-07,磁传感,trend12
2026-07,车规有刷H桥栅驱,ma6
2026-07,车规电机驱动,naive
2026-07,车规电源管理,trend12
2026-07,通用电源管理,ma12
2026-07,音频功放,naive
2026-08,POE电源管理,trend12
2026-08,dTOF模组,ma6
2026-08,充电与控制电源管理,naive
2026-08,新显示MLED驱动,trend6
2026-08,无刷直流电机驱动,ma3
2026-08,有刷直流电机驱动,naive
2026-08,步进电机驱动,ma3
2026-08,电机驱动,ma12
2026-08,电源模组,ma12
2026-08,电脑&计算电源管理,trend12
2026-08,硬件锂电保护,snaive
2026-08,磁传感,trend12
2026-08,车规有刷H桥栅驱,naive
2026-08,车规电机驱动,naive
2026-08,车规电源管理,trend12
2026-08,通用电源管理,ma12
2026-08,音频功放,naive
